,SA2_MAIN16,Neighbour0
0,101021007,101041024
1,101021007,101021011
2,101021007,114011275
3,101021007,101051540
4,101021007,101041022
5,101021007,101031015
6,101021008,101021011
7,101021008,101021012
8,101021008,101021010
9,101021008,101021009
10,101021009,101021012
11,101021009,101021010
12,101021009,101021008
13,101021010,101021011
14,101021010,101021008
15,101021010,101021009
16,101021011,101021007
17,101021011,101021012
18,101021011,101051540
19,101021011,101031015
20,101021011,101061542
21,101021011,101021010
22,101021011,101021008
23,101021012,101021011
24,101021012,101021008
25,101021012,101021009
26,101031013,101041020
27,101031013,101031016
28,101031013,101041022
29,101031013,101031015
30,101031014,101031015
31,101031015,101021007
32,101031015,101021011
33,101031015,101031013
34,101031015,101031016
35,101031015,101041022
36,101031015,101031014
37,101031015,113021260
38,101031015,113021262
39,101031016,101031013
40,101031016,101031015
41,101031016,113021260
42,101041017,101041024
43,101041017,101041018
44,101041018,101041024
45,101041018,101041017
46,101041018,101041021
47,101041019,101041025
48,101041019,101041020
49,101041020,101041025
50,101041020,101041023
51,101041020,101041027
52,101041020,101031013
53,101041020,101041019
54,101041020,101041022
55,101041021,101041024
56,101041021,101041026
57,101041021,101041018
58,101041022,101041024
59,101041022,101021007
60,101041022,101041027
61,101041022,101041020
62,101041022,101031013
63,101041022,101031015
64,101041023,101041025
65,101041023,101041020
66,101041024,101041026
67,101041024,101021007
68,101041024,114011283
69,101041024,114011275
70,101041024,101041017
71,101041024,101041021
72,101041024,101041018
73,101041024,101041027
74,101041024,101041022
75,101041025,101041023
76,101041025,101041020
77,101041025,101041019
78,101041026,101041024
79,101041026,101041021
80,101041027,101041024
81,101041027,101041020
82,101041027,101041022
83,101051539,101051540
84,101051540,103011060
85,101051540,103011061
86,101051540,103021064
87,101051540,114021288
88,101051540,124021456
89,101051540,101021007
90,101051540,101021011
91,101051540,114011275
92,101051540,101051539
93,101051540,114021289
94,101051540,101061542
95,101051540,101061544
96,101061541,101061542
97,101061542,101021011
98,101061542,101051540
99,101061542,113021262
100,101061542,101061541
101,101061542,101061544
102,101061542,113031263
103,101061542,113031264
104,101061543,101061544
105,101061544,103021064
106,101061544,103021066
107,101061544,103021069
108,101061544,113031266
109,101061544,101051540
110,101061544,101061542
111,101061544,101061543
112,101061544,113031263
113,102011028,102011029
114,102011028,102011034
115,102011028,102011039
116,102011029,102011040
117,102011029,102011042
118,102011029,102011028
119,102011029,102011034
120,102011030,115021297
121,102011030,115021298
122,102011030,106011109
123,102011030,102011033
124,102011030,102011040
125,102011030,102011042
126,102011030,102011035
127,102011030,115031299
128,102011030,102011032
129,102011030,102011036
130,102011030,102021051
131,102011030,102021049
132,102011031,102011038
133,102011031,102011034
134,102011031,102011043
135,102011031,102011032
136,102011031,102011036
137,102011031,102011039
138,102011031,102021047
139,102011031,102011041
140,102011032,102011033
141,102011032,102011030
142,102011032,102011037
143,102011032,102011035
144,102011032,102011043
145,102011032,102011031
146,102011033,102011030
147,102011033,102011042
148,102011033,102011037
149,102011033,102011032
150,102011034,102011029
151,102011034,102011038
152,102011034,102011028
153,102011034,102011031
154,102011034,102011039
155,102011035,102011030
156,102011035,102011043
157,102011035,102011032
158,102011035,102011036
159,102011036,102011030
160,102011036,102011035
161,102011036,102011043
162,102011036,102011031
163,102011036,102021047
164,102011036,102021051
165,102011037,102011033
166,102011037,102011042
167,102011037,102011032
168,102011038,102011034
169,102011038,102011031
170,102011039,102011028
171,102011039,102011034
172,102011039,102011031
173,102011039,102011041
174,102011040,102011030
175,102011040,102011029
176,102011040,102011042
177,102011041,102011031
178,102011041,102011039
179,102011041,102021047
180,102011041,102021044
181,102011042,102011033
182,102011042,102011030
183,102011042,102011040
184,102011042,102011029
185,102011042,102011037
186,102011043,102011035
187,102011043,102011032
188,102011043,102011036
189,102011043,102011031
190,102021044,102021047
191,102021044,102011041
192,102021044,102021053
193,102021045,102021046
194,102021045,102021050
195,102021045,102021048
196,102021045,102021056
197,102021045,102021049
198,102021045,111021218
199,102021046,102021054
200,102021046,102021050
201,102021046,102021045
202,102021047,102011036
203,102021047,102011031
204,102021047,102011041
205,102021047,102021044
206,102021047,102021055
207,102021047,102021051
208,102021048,102021057
209,102021048,102021056
210,102021048,102021045
211,102021049,106011109
212,102021049,102011030
213,102021049,102021055
214,102021049,102021057
215,102021049,102021051
216,102021049,102021056
217,102021049,102021045
218,102021049,111021218
219,102021050,102021046
220,102021050,102021052
221,102021050,111011212
222,102021050,102021045
223,102021050,111021218
224,102021051,102011030
225,102021051,102011036
226,102021051,102021047
227,102021051,102021055
228,102021051,102021049
229,102021052,102021050
230,102021053,102021054
231,102021053,102021044
232,102021054,102021046
233,102021054,102021053
234,102021055,102021047
235,102021055,102021057
236,102021055,102021051
237,102021055,102021049
238,102021056,102021057
239,102021056,102021048
240,102021056,102021045
241,102021056,102021049
242,102021057,102021055
243,102021057,102021048
244,102021057,102021056
245,102021057,102021049
246,103011058,103011060
247,103011058,103011059
248,103011059,103011060
249,103011059,103011058
250,103011060,103031073
251,103011060,103031074
252,103011060,103041076
253,103011060,103011061
254,103011060,103011058
255,103011060,103011059
256,103011060,103031071
257,103011060,103021064
258,103011060,103041079
259,103011060,101051540
260,103011061,103011060
261,103011061,103031071
262,103011061,124011449
263,103011061,124021456
264,103011061,101051540
265,103021062,105031105
266,103021062,103021069
267,103021062,103021065
268,103021062,113011257
269,103021062,105011093
270,103021062,105011095
271,103021062,103021068
272,103021063,103021064
273,103021064,103041076
274,103021064,103011060
275,103021064,103041079
276,103021064,103021063
277,103021064,103021066
278,103021064,103021065
279,103021064,101051540
280,103021064,101061544
281,103021065,103021064
282,103021065,103041079
283,103021065,103021066
284,103021065,103021069
285,103021065,103021067
286,103021065,103021062
287,103021065,103021068
288,103021066,103021064
289,103021066,103021069
290,103021066,103021065
291,103021066,101061544
292,103021067,103021065
293,103021067,103021068
294,103021068,103041079
295,103021068,105031105
296,103021068,105031103
297,103021068,103021065
298,103021068,103021067
299,103021068,103021062
300,103021069,103021066
301,103021069,103021065
302,103021069,113011257
303,103021069,103021062
304,103021069,113011259
305,103021069,113031266
306,103021069,101061544
307,103031070,103031075
308,103031070,103031071
309,103031071,103031073
310,103031071,103031070
311,103031071,103031075
312,103031071,103011060
313,103031071,103011061
314,103031071,124011449
315,103031072,103031074
316,103031073,103031074
317,103031073,106041127
318,103031073,106041129
319,103031073,103031075
320,103031073,103011060
321,103031073,103031071
322,103031074,103031072
323,103031074,103031073
324,103031074,105031099
325,103031074,106041129
326,103031074,103011060
327,103031074,103041079
328,103031074,105031106
329,103031074,105031103
330,103031075,103031073
331,103031075,106011113
332,103031075,106041127
333,103031075,103031070
334,103031075,124011451
335,103031075,115031299
336,103031075,103031071
337,103031075,124011449
338,103041076,103011060
339,103041076,103021064
340,103041076,103041079
341,103041077,103041078
342,103041077,103041079
343,103041078,103041077
344,103041078,103041079
345,103041079,103031074
346,103041079,103041076
347,103041079,103041078
348,103041079,103041077
349,103041079,103011060
350,103041079,103021064
351,103041079,105031106
352,103041079,105031103
353,103041079,103021065
354,103041079,103021068
355,104011080,104011081
356,104011081,104021091
357,104011081,104011082
358,104011081,110021194
359,104011081,110021190
360,104011081,112021245
361,104011081,104011080
362,104011081,104021086
363,104011081,110011187
364,104011081,104021087
365,104011082,112011241
366,104011082,104011081
367,104011082,112021245
368,104021083,104021089
369,104021083,104021090
370,104021083,104021086
371,104021083,110011187
372,104021083,108021156
373,104021083,108021159
374,104021083,104021087
375,104021084,104021088
376,104021084,104021085
377,104021084,104021086
378,104021085,104021089
379,104021085,104021086
380,104021085,104021084
381,104021086,104021088
382,104021086,104021091
383,104021086,104021089
384,104021086,104021085
385,104021086,104011081
386,104021086,104021084
387,104021086,104021083
388,104021086,104021087
389,104021087,104011081
390,104021087,104021086
391,104021087,110011187
392,104021087,104021083
393,104021088,104021091
394,104021088,104021086
395,104021088,104021084
396,104021089,104021085
397,104021089,104021090
398,104021089,104021086
399,104021089,104021083
400,104021090,104021089
401,104021090,104021083
402,104021090,108021159
403,104021091,104021088
404,104021091,104011081
405,104021091,104021086
406,105011092,105021098
407,105011092,105011093
408,105011092,105011095
409,105011092,105011096
410,105011093,113011257
411,105011093,105021098
412,105011093,105011092
413,105011093,103021062
414,105011093,105011095
415,105011094,105031099
416,105011094,110031198
417,105011094,105031105
418,105011094,105031104
419,105011094,105011095
420,105011094,105011096
421,105011095,105011094
422,105011095,105031105
423,105011095,105011093
424,105011095,105011092
425,105011095,103021062
426,105011095,105011096
427,105011096,110031196
428,105011096,110031198
429,105011096,105011094
430,105011096,105011092
431,105011096,105011095
432,105021097,105021098
433,105021098,109021177
434,105021098,109021179
435,105021098,113011257
436,105021098,105021097
437,105021098,105011093
438,105021098,105011092
439,105031099,103031074
440,105031099,110031198
441,105031099,110041200
442,105031099,106041129
443,105031099,110041201
444,105031099,105011094
445,105031099,105031104
446,105031099,105031103
447,105031100,105031101
448,105031100,105031102
449,105031100,105031103
450,105031101,105031100
451,105031101,105031102
452,105031101,105031103
453,105031102,105031101
454,105031102,105031100
455,105031102,105031103
456,105031103,103031074
457,105031103,105031099
458,105031103,103041079
459,105031103,105031106
460,105031103,105031101
461,105031103,105031100
462,105031103,105031102
463,105031103,105031105
464,105031103,105031104
465,105031103,103021068
466,105031104,105031099
467,105031104,105011094
468,105031104,105031105
469,105031104,105031103
470,105031105,105011094
471,105031105,105031104
472,105031105,105031103
473,105031105,103021062
474,105031105,105011095
475,105031105,103021068
476,105031106,103031074
477,105031106,103041079
478,105031106,105031103
479,106011107,106011109
480,106011107,106011113
481,106011107,106011108
482,106011107,106011111
483,106011107,106021117
484,106011107,106011112
485,106011108,106011109
486,106011108,106011107
487,106011108,106011111
488,106011109,106011113
489,106011109,106021118
490,106011109,106021114
491,106011109,106021115
492,106011109,106011108
493,106011109,106011107
494,106011109,106011111
495,106011109,102011030
496,106011109,111031226
497,106011109,111031223
498,106011109,115031299
499,106011109,111021221
500,106011109,102021049
501,106011109,111021218
502,106011110,106011113
503,106011110,106041129
504,106011110,108011151
505,106011110,106021116
506,106011110,106031123
507,106011110,106031125
508,106011110,108051167
509,106011110,106021117
510,106011111,106011109
511,106011111,106021114
512,106011111,106011108
513,106011111,106011107
514,106011111,106021117
515,106011112,106011113
516,106011112,106011107
517,106011113,106011109
518,106011113,106041127
519,106011113,106041126
520,106011113,106041129
521,106011113,106011110
522,106011113,106011107
523,106011113,106021117
524,106011113,106011112
525,106011113,103031075
526,106011113,115031299
527,106021114,106011109
528,106021114,106021116
529,106021114,106021115
530,106021114,106011111
531,106021114,106021117
532,106021115,106011109
533,106021115,106021118
534,106021115,106021114
535,106021115,106021116
536,106021115,106031123
537,106021116,106021114
538,106021116,106021115
539,106021116,106031123
540,106021116,106011110
541,106021116,106021117
542,106021117,106011113
543,106021117,106021114
544,106021117,106021116
545,106021117,106011110
546,106021117,106011107
547,106021117,106011111
548,106021118,106011109
549,106021118,106021115
550,106021118,106031122
551,106021118,106031123
552,106021118,111031223
553,106031119,106031120
554,106031119,106031121
555,106031119,106031125
556,106031120,106031119
557,106031120,106031121
558,106031120,106031125
559,106031121,106031120
560,106031121,106031119
561,106031122,106021118
562,106031122,106031123
563,106031122,106031125
564,106031122,111031223
565,106031123,106021118
566,106031123,106021116
567,106031123,106021115
568,106031123,106031122
569,106031123,106011110
570,106031123,106031125
571,106031124,108011151
572,106031124,106031125
573,106031125,106031124
574,106031125,108011151
575,106031125,106031120
576,106031125,106031119
577,106031125,106031122
578,106031125,106031123
579,106031125,106011110
580,106031125,111031232
581,106041126,106011113
582,106041126,106041127
583,106041127,103031073
584,106041127,106011113
585,106041127,106041126
586,106041127,106041129
587,106041127,103031075
588,106041128,106041129
589,106041129,103031073
590,106041129,103031074
591,106041129,105031099
592,106041129,110011189
593,106041129,106011113
594,106041129,106041127
595,106041129,106041128
596,106041129,110041201
597,106041129,110041205
598,106041129,106011110
599,106041129,108051167
600,107011131,107011132
601,107011131,107011545
602,107011131,107031136
603,107011131,107031137
604,107011131,107021135
605,107011132,107011545
606,107011132,107011134
607,107011132,107021135
608,107011132,107011131
609,107011133,107011545
610,107011133,107041548
611,107011133,107011546
612,107011133,107011134
613,107011133,107041549
614,107011134,107011132
615,107011134,107011545
616,107011134,107041146
617,107011134,107011133
618,107011134,107041549
619,107011134,107021135
620,107011545,107011132
621,107011545,107011546
622,107011545,107011133
623,107011545,107011134
624,107011545,107011131
625,107011546,107011545
626,107011546,107011547
627,107011546,107011133
628,107011547,107011546
629,107021135,107041147
630,107021135,107011132
631,107021135,107041146
632,107021135,107041144
633,107021135,107041145
634,107021135,107041148
635,107021135,107041150
636,107021135,114021288
637,107021135,107031136
638,107021135,107011134
639,107021135,114021285
640,107021135,114021286
641,107021135,123031445
642,107021135,123031446
643,107021135,107011131
644,107031136,107031140
645,107031136,114021288
646,107031136,107031141
647,107031136,107031137
648,107031136,107021135
649,107031136,107011131
650,107031137,107031141
651,107031137,107031136
652,107031137,107031142
653,107031137,107011131
654,107031138,107031140
655,107031138,107031139
656,107031139,107031140
657,107031139,107031138
658,107031139,107031141
659,107031140,114011272
660,107031140,107031138
661,107031140,114021288
662,107031140,107031139
663,107031140,107031141
664,107031140,107031136
665,107031141,107031140
666,107031141,107031139
667,107031141,107031136
668,107031141,107031137
669,107031141,107031142
670,107031141,107031143
671,107031142,107031141
672,107031142,107031137
673,107031142,107031143
674,107031143,107031141
675,107031143,107031142
676,107041144,107041146
677,107041144,107041145
678,107041144,107041548
679,107041144,107041549
680,107041144,107021135
681,107041145,107041144
682,107041145,107041150
683,107041145,107021135
684,107041146,107041144
685,107041146,107011134
686,107041146,107041549
687,107041146,107021135
688,107041147,123021439
689,107041147,128021533
690,107041147,128021537
691,107041147,107041148
692,107041147,107021135
693,107041147,123031446
694,107041148,107041147
695,107041148,107041150
696,107041148,107021135
697,107041150,107041145
698,107041150,107041148
699,107041150,107021135
700,107041548,107041144
701,107041548,107011133
702,107041548,107041549
703,107041549,107041146
704,107041549,107041144
705,107041549,107041548
706,107041549,107011133
707,107041549,107011134
708,108011151,108051170
709,108011151,106031124
710,108011151,108011153
711,108011151,106011110
712,108011151,106031125
713,108011151,108051167
714,108011152,108011153
715,108011152,108011154
716,108011153,108051168
717,108011153,108051170
718,108011153,108011151
719,108011153,108011152
720,108011153,108011154
721,108011154,108011153
722,108011154,108011152
723,108021155,108021156
724,108021156,108021160
725,108021156,108021157
726,108021156,110011189
727,108021156,110011187
728,108021156,104021083
729,108021156,108021159
730,108021156,108021155
731,108021156,108041165
732,108021157,108021158
733,108021157,108021156
734,108021157,108021159
735,108021158,108021157
736,108021158,108021159
737,108021159,108021157
738,108021159,104021090
739,108021159,108021158
740,108021159,108021156
741,108021159,104021083
742,108021160,108021156
743,108041162,108041165
744,108041162,108041166
745,108041162,108041163
746,108041162,108051170
747,108041163,108041162
748,108041163,108041166
749,108041163,108041164
750,108041164,108041165
751,108041164,108041166
752,108041164,108041163
753,108041165,110011189
754,108041165,108021156
755,108041165,108041162
756,108041165,108041166
757,108041165,108041164
758,108041165,108051170
759,108041166,108041162
760,108041166,108041165
761,108041166,108041163
762,108041166,108041164
763,108051167,110011189
764,108051167,106041129
765,108051167,108051170
766,108051167,108011151
767,108051167,106011110
768,108051168,108051169
769,108051168,108051170
770,108051168,108011153
771,108051169,108051168
772,108051169,108051170
773,108051169,108051171
774,108051170,110011189
775,108051170,108041162
776,108051170,108041165
777,108051170,108051168
778,108051170,108051169
779,108051170,108051171
780,108051170,108011151
781,108051170,108011153
782,108051170,108051167
783,108051171,108051169
784,108051171,108051170
785,109011172,109011174
786,109011172,109011175
787,109011172,109011173
788,109011172,109011176
789,109011173,109011174
790,109011173,109011175
791,109011173,109011176
792,109011173,109011172
793,109011174,109011175
794,109011174,109011173
795,109011174,109011172
796,109011175,113031271
797,109011175,109011174
798,109011175,109031181
799,109011175,109011173
800,109011175,109011176
801,109011175,109011172
802,109011175,113021260
803,109011176,109011175
804,109011176,109011173
805,109011176,109011172
806,109021177,109021179
807,109021177,113011257
808,109021177,105021098
809,109021177,109031183
810,109021178,109021179
811,109021179,109021177
812,109021179,109021178
813,109021179,105021098
814,109021179,109031183
815,109031180,109031181
816,109031181,113011259
817,109031181,113031271
818,109031181,109031180
819,109031181,109011175
820,109031181,109031185
821,109031182,109031183
822,109031183,109021177
823,109031183,109021179
824,109031183,113011257
825,109031183,109031184
826,109031183,109031182
827,109031183,109031185
828,109031184,109031183
829,109031185,113011257
830,109031185,113011259
831,109031185,109031181
832,109031185,109031183
833,110011186,110011188
834,110011186,110011187
835,110011187,110021192
836,110011187,110021190
837,110011187,104011081
838,110011187,110011188
839,110011187,110011189
840,110011187,110011186
841,110011187,108021156
842,110011187,104021083
843,110011187,104021087
844,110011188,110021192
845,110011188,110011189
846,110011188,110011187
847,110011188,110011186
848,110011188,110041205
849,110011189,110011188
850,110011189,110011187
851,110011189,108021156
852,110011189,106041129
853,110011189,110041205
854,110011189,108041165
855,110011189,108051170
856,110011189,108051167
857,110021190,110021192
858,110021190,110021194
859,110021190,104011081
860,110021190,110011187
861,110021191,110021193
862,110021191,110021192
863,110021192,110031196
864,110021192,110021193
865,110021192,110021191
866,110021192,110021194
867,110021192,110021190
868,110021192,110011188
869,110021192,110011187
870,110021192,110041205
871,110021193,110031196
872,110021193,110021192
873,110021193,110021191
874,110021193,110031198
875,110021193,110041205
876,110021194,110021192
877,110021194,110021190
878,110021194,104011081
879,110021194,112021245
880,110021194,112021247
881,110031195,110031196
882,110031196,110031195
883,110031196,110021193
884,110031196,110021192
885,110031196,110031198
886,110031196,105011096
887,110031197,110031198
888,110031198,110031196
889,110031198,110021193
890,110031198,105031099
891,110031198,110031197
892,110031198,110041200
893,110031198,110041205
894,110031198,105011094
895,110031198,105011096
896,110041199,110041200
897,110041200,105031099
898,110041200,110031198
899,110041200,110041199
900,110041200,110041201
901,110041200,110041205
902,110041201,105031099
903,110041201,110041200
904,110041201,106041129
905,110041201,110041205
906,110041202,110041205
907,110041202,110041203
908,110041202,110041204
909,110041203,110041205
910,110041203,110041202
911,110041203,110041204
912,110041204,110041205
913,110041204,110041202
914,110041204,110041203
915,110041205,110021193
916,110041205,110021192
917,110041205,110031198
918,110041205,110041200
919,110041205,110011188
920,110041205,110011189
921,110041205,106041129
922,110041205,110041201
923,110041205,110041202
924,110041205,110041203
925,110041205,110041204
926,111011206,111011210
927,111011206,111011208
928,111011206,111011211
929,111011206,111011213
930,111011206,111011207
931,111011207,111011206
932,111011208,111031228
933,111011208,111031222
934,111011208,111011210
935,111011208,111011211
936,111011208,111011209
937,111011208,111011206
938,111011209,111031222
939,111011209,111011210
940,111011209,111011208
941,111011209,111011214
942,111011209,111031233
943,111011209,111031225
944,111011209,111021215
945,111011209,111021217
946,111011210,111011208
947,111011210,111011213
948,111011210,111011214
949,111011210,111011209
950,111011210,111011206
951,111011211,111011208
952,111011211,111011206
953,111011212,102021050
954,111011213,111011210
955,111011213,111011214
956,111011213,111011206
957,111011214,111011210
958,111011214,111011213
959,111011214,111011209
960,111011214,111021215
961,111021215,111011214
962,111021215,111011209
963,111021215,111021221
964,111021215,111021219
965,111021215,111021217
966,111021216,111021218
967,111021217,111031226
968,111021217,111031233
969,111021217,111011209
970,111021217,111021221
971,111021217,111021215
972,111021218,106011109
973,111021218,102021050
974,111021218,111021220
975,111021218,111021221
976,111021218,111021219
977,111021218,102021045
978,111021218,102021049
979,111021218,111021216
980,111021219,111021220
981,111021219,111021221
982,111021219,111021215
983,111021219,111021218
984,111021220,111021219
985,111021220,111021218
986,111021221,106011109
987,111021221,111031226
988,111021221,111021219
989,111021221,111021215
990,111021221,111021217
991,111021221,111021218
992,111031222,111031228
993,111031222,111031224
994,111031222,111011208
995,111031222,111011209
996,111031222,111031225
997,111031223,106011109
998,111031223,106021118
999,111031223,106031122
1000,111031223,111031231
1001,111031223,111031226
1002,111031224,111031235
1003,111031224,111031227
1004,111031224,111031228
1005,111031224,111031222
1006,111031224,111031229
1007,111031224,111031225
1008,111031224,111031234
1009,111031225,111031231
1010,111031225,111031222
1011,111031225,111031224
1012,111031225,111031233
1013,111031225,111011209
1014,111031225,111031234
1015,111031226,106011109
1016,111031226,111031231
1017,111031226,111031223
1018,111031226,111031233
1019,111031226,111021221
1020,111031226,111021217
1021,111031227,111031235
1022,111031227,111031230
1023,111031227,111031231
1024,111031227,111031224
1025,111031227,111031234
1026,111031228,111031222
1027,111031228,111031229
1028,111031228,111031224
1029,111031228,111011208
1030,111031229,111031235
1031,111031229,111031228
1032,111031229,111031224
1033,111031230,111031235
1034,111031230,111031232
1035,111031230,111031227
1036,111031231,111031227
1037,111031231,111031226
1038,111031231,111031223
1039,111031231,111031233
1040,111031231,111031225
1041,111031231,111031234
1042,111031232,106031125
1043,111031232,111031230
1044,111031233,111031231
1045,111031233,111031226
1046,111031233,111011209
1047,111031233,111031225
1048,111031233,111021217
1049,111031234,111031227
1050,111031234,111031231
1051,111031234,111031224
1052,111031234,111031225
1053,111031235,111031230
1054,111031235,111031227
1055,111031235,111031229
1056,111031235,111031224
1057,112011236,112011242
1058,112011236,112011237
1059,112011237,112011236
1060,112011237,112011242
1061,112011237,112011240
1062,112011237,112021249
1063,112011237,112011238
1064,112011237,112011241
1065,112011238,112011240
1066,112011238,112021249
1067,112011238,112011237
1068,112011238,112011243
1069,112011238,112011239
1070,112011239,112031253
1071,112011239,112011240
1072,112011239,112011238
1073,112011239,112011243
1074,112011240,112011242
1075,112011240,112011237
1076,112011240,112011238
1077,112011240,112011239
1078,112011241,112021249
1079,112011241,112011237
1080,112011241,104011082
1081,112011241,112021245
1082,112011242,112011236
1083,112011242,112011240
1084,112011242,112011237
1085,112011243,112031252
1086,112011243,112031253
1087,112011243,112021249
1088,112011243,112011238
1089,112011243,112011239
1090,112021244,112021245
1091,112021245,112021249
1092,112021245,112021244
1093,112021245,104011082
1094,112021245,112011241
1095,112021245,110021194
1096,112021245,104011081
1097,112021245,112021247
1098,112021246,112021249
1099,112021246,112021248
1100,112021247,112031252
1101,112021247,112021249
1102,112021247,110021194
1103,112021247,112021245
1104,112021248,112021249
1105,112021248,112021246
1106,112021249,112031252
1107,112021249,112011237
1108,112021249,112021248
1109,112021249,112021246
1110,112021249,112011238
1111,112021249,112011243
1112,112021249,112011241
1113,112021249,112021245
1114,112021249,112021247
1115,112031250,112031252
1116,112031250,112031253
1117,112031250,112031550
1118,112031250,112031551
1119,112031251,112031252
1120,112031252,112031251
1121,112031252,112031250
1122,112031252,112031253
1123,112031252,112031254
1124,112031252,112031551
1125,112031252,112021249
1126,112031252,112011243
1127,112031252,112021247
1128,112031253,112031252
1129,112031253,112031250
1130,112031253,112011243
1131,112031253,112011239
1132,112031254,112031252
1133,112031254,112031551
1134,112031550,112031250
1135,112031550,112031551
1136,112031550,112031552
1137,112031551,112031252
1138,112031551,112031250
1139,112031551,112031254
1140,112031551,112031550
1141,112031552,112031550
1142,113011256,113011257
1143,113011257,103021069
1144,113011257,109021177
1145,113011257,105021098
1146,113011257,105011093
1147,113011257,103021062
1148,113011257,113011258
1149,113011257,113011256
1150,113011257,113011259
1151,113011257,109031183
1152,113011257,109031185
1153,113011258,113011257
1154,113011258,113011259
1155,113011259,103021069
1156,113011259,113011257
1157,113011259,113011258
1158,113011259,113031266
1159,113011259,113031271
1160,113011259,109031181
1161,113011259,109031185
1162,113021260,113031271
1163,113021260,109011175
1164,113021260,101031016
1165,113021260,101031015
1166,113021260,113021262
1167,113021261,113021262
1168,113021262,113031271
1169,113021262,101031015
1170,113021262,113021260
1171,113021262,101061542
1172,113021262,113021261
1173,113021262,113031264
1174,113031263,113031265
1175,113031263,113031266
1176,113031263,101061542
1177,113031263,101061544
1178,113031263,113031264
1179,113031264,113031265
1180,113031264,113031271
1181,113031264,113021262
1182,113031264,101061542
1183,113031264,113031263
1184,113031265,113031266
1185,113031265,113031271
1186,113031265,113031263
1187,113031265,113031264
1188,113031266,103021069
1189,113031266,113031265
1190,113031266,113011259
1191,113031266,113031271
1192,113031266,101061544
1193,113031266,113031263
1194,113031267,113031268
1195,113031267,113031269
1196,113031267,113031270
1197,113031267,113031271
1198,113031268,113031267
1199,113031268,113031270
1200,113031268,113031271
1201,113031269,113031267
1202,113031269,113031270
1203,113031269,113031271
1204,113031270,113031267
1205,113031270,113031268
1206,113031270,113031269
1207,113031270,113031271
1208,113031271,113031267
1209,113031271,113031268
1210,113031271,113031265
1211,113031271,113011259
1212,113031271,113031266
1213,113031271,113031269
1214,113031271,113031270
1215,113031271,109011175
1216,113031271,109031181
1217,113031271,113021260
1218,113031271,113021262
1219,113031271,113031264
1220,114011272,114011277
1221,114011272,107031140
1222,114011272,114021288
1223,114011272,114011281
1224,114011272,114011274
1225,114011272,114011275
1226,114011273,114011281
1227,114011273,114011276
1228,114011273,114011278
1229,114011273,114011274
1230,114011274,114011272
1231,114011274,114011277
1232,114011274,114011273
1233,114011274,114011278
1234,114011275,114011272
1235,114011275,114021288
1236,114011275,114011281
1237,114011275,101041024
1238,114011275,101021007
1239,114011275,114011283
1240,114011275,101051540
1241,114011276,114011281
1242,114011276,114011279
1243,114011276,114011273
1244,114011277,114011272
1245,114011277,114011281
1246,114011277,114011278
1247,114011277,114011274
1248,114011278,114011277
1249,114011278,114011281
1250,114011278,114011273
1251,114011278,114011274
1252,114011279,114011280
1253,114011279,114011281
1254,114011279,114011276
1255,114011280,114011281
1256,114011280,114011279
1257,114011280,114011283
1258,114011281,114011272
1259,114011281,114011277
1260,114011281,114011280
1261,114011281,114011279
1262,114011281,114011276
1263,114011281,114011273
1264,114011281,114011278
1265,114011281,114011283
1266,114011281,114011275
1267,114011282,114011283
1268,114011283,114011280
1269,114011283,114011281
1270,114011283,101041024
1271,114011283,114011275
1272,114011283,114011282
1273,114021284,114021288
1274,114021284,114021286
1275,114021284,114021287
1276,114021284,114021289
1277,114021285,114021286
1278,114021285,123031447
1279,114021285,107021135
1280,114021285,123031445
1281,114021285,114021289
1282,114021286,114021288
1283,114021286,114021285
1284,114021286,107021135
1285,114021286,114021284
1286,114021286,114021289
1287,114021287,114021288
1288,114021287,114021284
1289,114021287,114021289
1290,114021288,114011272
1291,114021288,107031140
1292,114021288,107031136
1293,114021288,114021286
1294,114021288,107021135
1295,114021288,114011275
1296,114021288,101051540
1297,114021288,114021284
1298,114021288,114021287
1299,114021288,114021289
1300,114021289,114021288
1301,114021289,124021456
1302,114021289,114021285
1303,114021289,114021286
1304,114021289,123031447
1305,114021289,101051540
1306,114021289,114021284
1307,114021289,114021287
1308,115011290,115011556
1309,115011290,115011296
1310,115011290,115011553
1311,115011290,115011291
1312,115011290,125041491
1313,115011290,125041494
1314,115011290,125041490
1315,115011291,115011557
1316,115011291,115011553
1317,115011291,115011559
1318,115011291,116021309
1319,115011291,115011290
1320,115011291,116011307
1321,115011291,125041494
1322,115011294,115021297
1323,115011294,115041302
1324,115011294,115011555
1325,115011294,115011554
1326,115011294,115011559
1327,115011296,126011496
1328,115011296,115011554
1329,115011296,115011556
1330,115011296,115011558
1331,115011296,115011290
1332,115011296,125021476
1333,115011296,125041490
1334,115011553,115011555
1335,115011553,115011557
1336,115011553,115011556
1337,115011553,115011291
1338,115011553,115011290
1339,115011554,115021297
1340,115011554,115011555
1341,115011554,115011294
1342,115011554,115011556
1343,115011554,115011296
1344,115011554,115011558
1345,115011555,115011554
1346,115011555,115011557
1347,115011555,115011294
1348,115011555,115011556
1349,115011555,115011553
1350,115011555,115011559
1351,115011556,115011555
1352,115011556,115011554
1353,115011556,115011296
1354,115011556,115011553
1355,115011556,115011290
1356,115011557,115011555
1357,115011557,115011553
1358,115011557,115011291
1359,115011557,115011559
1360,115011558,121021406
1361,115011558,115021297
1362,115011558,126011496
1363,115011558,115011554
1364,115011558,115011296
1365,115011559,115041302
1366,115011559,115011555
1367,115011559,115011557
1368,115011559,115011294
1369,115011559,115011291
1370,115011559,116021309
1371,115011559,116021310
1372,115021297,121021406
1373,115021297,121021403
1374,115021297,121021578
1375,115021297,115041301
1376,115021297,115021298
1377,115021297,102011030
1378,115021297,115041302
1379,115021297,115031299
1380,115021297,115031300
1381,115021297,115011554
1382,115021297,115011294
1383,115021297,115011558
1384,115021298,121021403
1385,115021298,115021297
1386,115021298,102011030
1387,115021298,121021404
1388,115031299,115021297
1389,115031299,106011109
1390,115031299,106011113
1391,115031299,102011030
1392,115031299,103031075
1393,115031299,124011451
1394,115031299,115031300
1395,115031300,115041301
1396,115031300,115021297
1397,115031300,124011451
1398,115031300,115031299
1399,115031300,124041466
1400,115031300,124041467
1401,115031300,124041468
1402,115041301,115021297
1403,115041301,116021312
1404,115041301,115041302
1405,115041301,115031300
1406,115041301,124041467
1407,115041302,115041301
1408,115041302,115021297
1409,115041302,116021312
1410,115041302,115011294
1411,115041302,115011559
1412,115041302,116021310
1413,116011303,116011304
1414,116011303,116011561
1415,116011303,116021563
1416,116011303,116021309
1417,116011303,116021562
1418,116011303,116011560
1419,116011303,116011308
1420,116011303,116011307
1421,116011304,116011306
1422,116011304,116011561
1423,116011304,116031314
1424,116011304,116021312
1425,116011304,116021563
1426,116011304,116011303
1427,116011306,116011304
1428,116011306,116011561
1429,116011306,116031319
1430,116011306,116031318
1431,116011306,116031314
1432,116011307,115011291
1433,116011307,116021309
1434,116011307,125041493
1435,116011307,116011308
1436,116011307,116011303
1437,116011307,125041494
1438,116011308,116031318
1439,116011308,125041493
1440,116011308,116011560
1441,116011308,116011307
1442,116011308,116011303
1443,116011308,125041588
1444,116011308,125031482
1445,116011560,116011561
1446,116011560,116031318
1447,116011560,116011308
1448,116011560,116011303
1449,116011561,116011306
1450,116011561,116011304
1451,116011561,116031318
1452,116011561,116011560
1453,116011561,116011303
1454,116021309,115011291
1455,116021309,115011559
1456,116021309,116021310
1457,116021309,116021562
1458,116021309,116011307
1459,116021309,116011303
1460,116021310,116021312
1461,116021310,116021563
1462,116021310,115041302
1463,116021310,115011559
1464,116021310,116021309
1465,116021310,116021562
1466,116021312,116011304
1467,116021312,115041301
1468,116021312,116031313
1469,116021312,116031314
1470,116021312,116031315
1471,116021312,116021563
1472,116021312,115041302
1473,116021312,116031316
1474,116021312,124031458
1475,116021312,124041467
1476,116021312,124041468
1477,116021312,116021310
1478,116021562,116021563
1479,116021562,116021309
1480,116021562,116021310
1481,116021562,116011303
1482,116021563,116011304
1483,116021563,116031314
1484,116021563,116021312
1485,116021563,116021310
1486,116021563,116021562
1487,116021563,116011303
1488,116031313,116031317
1489,116031313,116021312
1490,116031313,116031315
1491,116031313,116031316
1492,116031314,116011306
1493,116031314,116011304
1494,116031314,116031319
1495,116031314,116021312
1496,116031314,116031315
1497,116031314,116021563
1498,116031315,116031317
1499,116031315,116031313
1500,116031315,116031319
1501,116031315,116031314
1502,116031315,116021312
1503,116031316,116031317
1504,116031316,116031313
1505,116031316,116021312
1506,116031316,124051581
1507,116031316,124031458
1508,116031317,116031313
1509,116031317,116031319
1510,116031317,116031315
1511,116031317,116031316
1512,116031317,124051580
1513,116031317,124051581
1514,116031318,116011306
1515,116031318,116011561
1516,116031318,116031319
1517,116031318,124051469
1518,116031318,124051580
1519,116031318,127021518
1520,116031318,116011560
1521,116031318,116011308
1522,116031318,125031482
1523,116031318,127021521
1524,116031319,116011306
1525,116031319,116031317
1526,116031319,116031318
1527,116031319,116031314
1528,116031319,116031315
1529,116031319,124051580
1530,117011320,118021350
1531,117011320,117011321
1532,117011320,117011323
1533,117011320,117011324
1534,117011321,117011325
1535,117011321,117011322
1536,117011321,117011323
1537,117011321,117011320
1538,117011322,118021565
1539,117011322,117021328
1540,117011322,117031330
1541,117011322,117031338
1542,117011322,118021564
1543,117011322,117011325
1544,117011322,117011321
1545,117011322,117011323
1546,117011323,118021350
1547,117011323,118021568
1548,117011323,118021565
1549,117011323,117011322
1550,117011323,117011321
1551,117011323,117011320
1552,117011324,118021350
1553,117011324,117011320
1554,117011325,117021328
1555,117011325,119041375
1556,117011325,119041380
1557,117011325,117011322
1558,117011325,117011321
1559,117021326,117021327
1560,117021326,117021328
1561,117021326,120031394
1562,117021326,119021364
1563,117021326,119041375
1564,117021326,117031332
1565,117021327,120021388
1566,117021327,117021326
1567,117021327,120031394
1568,117021327,117031332
1569,117021328,117021326
1570,117021328,119041375
1571,117021328,117031332
1572,117021328,117031330
1573,117021328,117011325
1574,117021328,117011322
1575,117031329,118011345
1576,117031329,117031336
1577,117031329,117031333
1578,117031329,117031337
1579,117031330,117021328
1580,117031330,117031332
1581,117031330,117031335
1582,117031330,117031338
1583,117031330,117011322
1584,117031331,120021388
1585,117031331,117031334
1586,117031331,117031332
1587,117031331,117031335
1588,117031332,120021388
1589,117031332,117021327
1590,117031332,117021326
1591,117031332,117021328
1592,117031332,117031331
1593,117031332,117031334
1594,117031332,117031330
1595,117031332,117031335
1596,117031333,118011345
1597,117031333,118011343
1598,117031333,117031329
1599,117031333,117031337
1600,117031334,117031331
1601,117031334,117031337
1602,117031334,117031332
1603,117031334,117031335
1604,117031335,118011345
1605,117031335,117031336
1606,117031335,117031331
1607,117031335,117031334
1608,117031335,117031337
1609,117031335,117031332
1610,117031335,117031330
1611,117031335,117031338
1612,117031336,118011345
1613,117031336,117031329
1614,117031336,117031337
1615,117031336,117031335
1616,117031337,117031336
1617,117031337,117031329
1618,117031337,117031334
1619,117031337,117031333
1620,117031337,117031335
1621,117031338,118011345
1622,117031338,117031330
1623,117031338,117031335
1624,117031338,118021564
1625,117031338,117011322
1626,118011339,118011340
1627,118011339,118021348
1628,118011339,118011341
1629,118011339,118011343
1630,118011340,118011339
1631,118011340,118011346
1632,118011340,118011344
1633,118011340,118011343
1634,118011341,118011339
1635,118011341,118021348
1636,118011341,118021569
1637,118011341,118011342
1638,118011341,118011347
1639,118011341,118011343
1640,118011342,118021569
1641,118011342,118021570
1642,118011342,118011341
1643,118011342,118011347
1644,118011342,118011345
1645,118011342,118021564
1646,118011343,118011339
1647,118011343,118011340
1648,118011343,118011346
1649,118011343,118011341
1650,118011343,118011347
1651,118011343,118011345
1652,118011343,117031333
1653,118011344,118011340
1654,118011344,118011346
1655,118011345,118011342
1656,118011345,118011347
1657,118011345,118011343
1658,118011345,117031336
1659,118011345,117031329
1660,118011345,117031333
1661,118011345,117031335
1662,118011345,117031338
1663,118011345,118021564
1664,118011346,118011340
1665,118011346,118011344
1666,118011346,118011343
1667,118011347,118011342
1668,118011347,118011341
1669,118011347,118011345
1670,118011347,118011343
1671,118021348,118011339
1672,118021348,118021566
1673,118021348,118021569
1674,118021348,118021570
1675,118021348,118011341
1676,118021350,118021567
1677,118021350,118021568
1678,118021350,117011323
1679,118021350,117011320
1680,118021350,117011324
1681,118021564,118021565
1682,118021564,118021570
1683,118021564,118011342
1684,118021564,118011345
1685,118021564,117031338
1686,118021564,117011322
1687,118021565,118021568
1688,118021565,118021566
1689,118021565,118021570
1690,118021565,118021564
1691,118021565,117011322
1692,118021565,117011323
1693,118021566,118021567
1694,118021566,118021568
1695,118021566,118021565
1696,118021566,118021348
1697,118021566,118021570
1698,118021567,118021350
1699,118021567,118021568
1700,118021567,118021566
1701,118021568,118021350
1702,118021568,118021567
1703,118021568,118021566
1704,118021568,118021565
1705,118021568,117011323
1706,118021569,118021348
1707,118021569,118021570
1708,118021569,118011342
1709,118021569,118011341
1710,118021570,118021566
1711,118021570,118021565
1712,118021570,118021348
1713,118021570,118021569
1714,118021570,118011342
1715,118021570,118021564
1716,119011354,119011356
1717,119011354,127031523
1718,119011354,125031480
1719,119011354,125031479
1720,119011354,127021513
1721,119011354,127021511
1722,119011354,119011361
1723,119011355,120031575
1724,119011355,125011586
1725,119011355,125011475
1726,119011355,125011587
1727,119011355,119011361
1728,119011355,119011571
1729,119011355,119011357
1730,119011356,127031523
1731,119011356,119011360
1732,119011356,119011572
1733,119011356,119011354
1734,119011356,119011361
1735,119011356,119011571
1736,119011356,119011359
1737,119011357,120031575
1738,119011357,119011571
1739,119011357,119011355
1740,119011357,119021573
1741,119011357,120031576
1742,119011357,119021362
1743,119011357,119021366
1744,119011357,119021574
1745,119011358,119011360
1746,119011358,119011572
1747,119011358,119021366
1748,119011358,119031373
1749,119011359,119011356
1750,119011359,127031523
1751,119011359,119011360
1752,119011359,127031524
1753,119011359,128021535
1754,119011360,119011356
1755,119011360,119011358
1756,119011360,119011572
1757,119011360,119011359
1758,119011361,119011356
1759,119011361,119011354
1760,119011361,125031479
1761,119011361,125011587
1762,119011361,119011571
1763,119011361,119011355
1764,119011571,119011356
1765,119011571,119011572
1766,119011571,119011361
1767,119011571,119011355
1768,119011571,119011357
1769,119011571,119021366
1770,119011572,119011356
1771,119011572,119011360
1772,119011572,119011358
1773,119011572,119011571
1774,119011572,119021366
1775,119021362,119011357
1776,119021362,119021573
1777,119021362,120031576
1778,119021362,120031393
1779,119021362,119021363
1780,119021362,119021364
1781,119021362,119021367
1782,119021363,119021362
1783,119021363,120031393
1784,119021363,120031392
1785,119021363,119021364
1786,119021364,119021362
1787,119021364,117021326
1788,119021364,119021363
1789,119021364,120031392
1790,119021364,120031394
1791,119021364,119041375
1792,119021364,119041377
1793,119021364,119021367
1794,119021364,119031370
1795,119021366,119011358
1796,119021366,119011572
1797,119021366,119011571
1798,119021366,119011357
1799,119021366,119031373
1800,119021366,119021574
1801,119021366,119021367
1802,119021367,119021573
1803,119021367,119021362
1804,119021367,119021364
1805,119021367,119021366
1806,119021367,119031373
1807,119021367,119021574
1808,119021367,119031370
1809,119021573,119011357
1810,119021573,119021362
1811,119021573,119021574
1812,119021573,119021367
1813,119021574,119011357
1814,119021574,119021573
1815,119021574,119021366
1816,119021574,119021367
1817,119031368,119041376
1818,119031368,119041377
1819,119031368,119031370
1820,119031368,119031369
1821,119031368,119031371
1822,119031368,119031374
1823,119031368,119041379
1824,119031369,119031368
1825,119031369,119031372
1826,119031369,119031370
1827,119031369,119031371
1828,119031369,119031374
1829,119031370,119021364
1830,119031370,119031368
1831,119031370,119041377
1832,119031370,119031372
1833,119031370,119031373
1834,119031370,119021367
1835,119031370,119031369
1836,119031371,119031368
1837,119031371,119031369
1838,119031371,119031374
1839,119031372,119031373
1840,119031372,119031370
1841,119031372,119031369
1842,119031373,119011358
1843,119031373,119031372
1844,119031373,119021366
1845,119031373,119021367
1846,119031373,119031370
1847,119031374,119031368
1848,119031374,119031369
1849,119031374,119031371
1850,119031374,128011531
1851,119031374,119041379
1852,119041375,117021326
1853,119041375,117021328
1854,119041375,119021364
1855,119041375,119041380
1856,119041375,119041376
1857,119041375,119041381
1858,119041375,119041377
1859,119041375,117011325
1860,119041376,119041375
1861,119041376,119041378
1862,119041376,119031368
1863,119041376,119041381
1864,119041376,119041377
1865,119041376,119041379
1866,119041377,119021364
1867,119041377,119041375
1868,119041377,119031368
1869,119041377,119041376
1870,119041377,119031370
1871,119041378,119041380
1872,119041378,119041376
1873,119041378,119041381
1874,119041378,119041382
1875,119041378,119041379
1876,119041379,119041378
1877,119041379,119031368
1878,119041379,119041376
1879,119041379,119041382
1880,119041379,119031374
1881,119041380,119041375
1882,119041380,119041378
1883,119041380,119041381
1884,119041380,119041382
1885,119041380,117011325
1886,119041381,119041375
1887,119041381,119041378
1888,119041381,119041380
1889,119041381,119041376
1890,119041382,119041378
1891,119041382,119041380
1892,119041382,119041379
1893,120011383,120011386
1894,120011383,120031391
1895,120011383,120031575
1896,120011383,120011384
1897,120011384,120031575
1898,120011384,120031396
1899,120011384,120011383
1900,120011384,125011473
1901,120011385,120011386
1902,120011386,120011385
1903,120011386,120031391
1904,120011386,120011383
1905,120011386,120031390
1906,120011386,120031395
1907,120021387,120021389
1908,120021388,120021389
1909,120021388,117021327
1910,120021388,120031395
1911,120021388,120031394
1912,120021388,117031331
1913,120021388,117031332
1914,120021389,120021388
1915,120021389,120021387
1916,120021389,120031395
1917,120031390,120011386
1918,120031390,120031391
1919,120031390,120031393
1920,120031390,120031392
1921,120031390,120031395
1922,120031390,120031394
1923,120031391,120011386
1924,120031391,120031575
1925,120031391,120011383
1926,120031391,120031393
1927,120031391,120031390
1928,120031392,120031393
1929,120031392,119021363
1930,120031392,120031390
1931,120031392,120031394
1932,120031392,119021364
1933,120031393,120031391
1934,120031393,120031575
1935,120031393,120031576
1936,120031393,119021362
1937,120031393,119021363
1938,120031393,120031392
1939,120031393,120031390
1940,120031394,120021388
1941,120031394,117021327
1942,120031394,117021326
1943,120031394,120031392
1944,120031394,120031390
1945,120031394,120031395
1946,120031394,119021364
1947,120031395,120011386
1948,120031395,120021388
1949,120031395,120021389
1950,120031395,120031390
1951,120031395,120031394
1952,120031396,120031575
1953,120031396,120011384
1954,120031396,125011473
1955,120031396,125011586
1956,120031396,125011475
1957,120031575,120031391
1958,120031575,120031396
1959,120031575,120011383
1960,120031575,120011384
1961,120031575,125011475
1962,120031575,119011355
1963,120031575,119011357
1964,120031575,120031576
1965,120031575,120031393
1966,120031576,120031575
1967,120031576,119011357
1968,120031576,119021362
1969,120031576,120031393
1970,121011398,121011399
1971,121011398,121011402
1972,121011398,121031408
1973,121011398,121011401
1974,121011398,121011400
1975,121011399,126021501
1976,121011399,121011398
1977,121011399,121031408
1978,121011399,121011400
1979,121011400,121011399
1980,121011400,121011398
1981,121011400,121011401
1982,121011400,121041414
1983,121011401,121011398
1984,121011401,121011402
1985,121011401,121011400
1986,121011401,121041413
1987,121011401,121041414
1988,121011402,121011398
1989,121011402,121031408
1990,121011402,121011401
1991,121011402,121041413
1992,121021403,121021578
1993,121021403,121031412
1994,121021403,121031411
1995,121021403,121021577
1996,121021403,115021297
1997,121021403,115021298
1998,121021403,121021404
1999,121021404,121021403
2000,121021404,115021298
2001,121021406,121021578
2002,121021406,121031412
2003,121021406,121021577
2004,121021406,121021579
2005,121021406,115021297
2006,121021406,126011496
2007,121021406,115011558
2008,121021577,121021406
2009,121021577,121021403
2010,121021577,121021578
2011,121021577,121031412
2012,121021577,121021579
2013,121021578,121021406
2014,121021578,121021403
2015,121021578,121021577
2016,121021578,115021297
2017,121021579,121021406
2018,121021579,121031412
2019,121021579,121021577
2020,121031407,126021500
2021,121031407,121031408
2022,121031407,122031427
2023,121031407,121031409
2024,121031407,122031428
2025,121031407,121031410
2026,121031408,126021501
2027,121031408,126021500
2028,121031408,121011399
2029,121031408,121011398
2030,121031408,121011402
2031,121031408,122031427
2032,121031408,121031407
2033,121031409,121031411
2034,121031409,126021500
2035,121031409,121031407
2036,121031409,121031410
2037,121031410,121031411
2038,121031410,121031407
2039,121031410,121031409
2040,121031410,122031428
2041,121031410,122031432
2042,121031411,121021403
2043,121031411,121031412
2044,121031411,126021500
2045,121031411,126011495
2046,121031411,126011496
2047,121031411,121031409
2048,121031411,121031410
2049,121031411,122031432
2050,121031412,121021406
2051,121031412,121021403
2052,121031412,121031411
2053,121031412,121021577
2054,121031412,121021579
2055,121031412,126011496
2056,121041413,121041415
2057,121041413,121041416
2058,121041413,121011402
2059,121041413,121011401
2060,121041413,121041414
2061,121041414,121041416
2062,121041414,121011401
2063,121041414,121011400
2064,121041414,121041413
2065,121041414,121041417
2066,121041415,121041413
2067,121041416,121041413
2068,121041416,121041414
2069,121041416,121041417
2070,121041417,121041416
2071,121041417,121041414
2072,122011418,122031430
2073,122011418,122011419
2074,122011418,122031427
2075,122011419,122031430
2076,122011419,122031429
2077,122011419,122011418
2078,122021420,122021422
2079,122021421,122021423
2080,122021421,122031432
2081,122021422,122021423
2082,122021422,122021420
2083,122021423,122021421
2084,122021423,122021422
2085,122031424,122031430
2086,122031424,122031429
2087,122031424,122031426
2088,122031424,122031425
2089,122031424,122031428
2090,122031425,122031426
2091,122031425,122031424
2092,122031425,122031431
2093,122031425,122031428
2094,122031425,122031432
2095,122031426,122031429
2096,122031426,122031424
2097,122031426,122031425
2098,122031426,122031431
2099,122031427,122031430
2100,122031427,122011418
2101,122031427,121031408
2102,122031427,121031407
2103,122031427,122031428
2104,122031428,122031430
2105,122031428,122031424
2106,122031428,122031425
2107,122031428,122031427
2108,122031428,121031407
2109,122031428,121031410
2110,122031428,122031432
2111,122031429,122031430
2112,122031429,122031426
2113,122031429,122031424
2114,122031429,122011419
2115,122031430,122031429
2116,122031430,122031424
2117,122031430,122011419
2118,122031430,122011418
2119,122031430,122031427
2120,122031430,122031428
2121,122031431,122031426
2122,122031431,122031425
2123,122031432,121031411
2124,122031432,122021421
2125,122031432,122031425
2126,122031432,122031428
2127,122031432,121031410
2128,123011433,123011434
2129,123011433,123011435
2130,123011433,123031448
2131,123011433,127011506
2132,123011433,123031446
2133,123011434,123011433
2134,123011434,123011435
2135,123011434,127011506
2136,123011435,123021437
2137,123011435,123021438
2138,123011435,123011433
2139,123011435,123011434
2140,123011435,123021444
2141,123011435,127011506
2142,123011435,123031446
2143,123021436,123021437
2144,123021436,123021439
2145,123021436,123021441
2146,123021436,123021444
2147,123021436,123031446
2148,123021437,123021438
2149,123021437,123021436
2150,123021437,123021441
2151,123021437,123021443
2152,123021437,123011435
2153,123021437,123021444
2154,123021438,123021437
2155,123021438,123021440
2156,123021438,123021443
2157,123021438,123011435
2158,123021438,127011506
2159,123021439,123021436
2160,123021439,123021441
2161,123021439,107041147
2162,123021439,127031524
2163,123021439,128021533
2164,123021439,128021535
2165,123021439,128021607
2166,123021439,123031446
2167,123021440,127031600
2168,123021440,123021438
2169,123021440,123021441
2170,123021440,123021443
2171,123021440,127011506
2172,123021440,123021442
2173,123021440,127031524
2174,123021440,127031522
2175,123021441,123021437
2176,123021441,123021436
2177,123021441,123021440
2178,123021441,123021439
2179,123021441,123021443
2180,123021441,127031524
2181,123021442,123021440
2182,123021442,127031524
2183,123021442,127031522
2184,123021443,123021437
2185,123021443,123021438
2186,123021443,123021440
2187,123021443,123021441
2188,123021444,123021437
2189,123021444,123021436
2190,123021444,123011435
2191,123021444,123031446
2192,123031445,114021285
2193,123031445,123031447
2194,123031445,107021135
2195,123031445,123031446
2196,123031446,123021436
2197,123031446,123021439
2198,123031446,123011433
2199,123031446,123011435
2200,123031446,123021444
2201,123031446,123031448
2202,123031446,107041147
2203,123031446,123031447
2204,123031446,107021135
2205,123031446,123031445
2206,123031447,123031448
2207,123031447,124021456
2208,123031447,114021285
2209,123031447,123031445
2210,123031447,123031446
2211,123031447,114021289
2212,123031448,123011433
2213,123031448,127011506
2214,123031448,124031465
2215,123031448,127011505
2216,123031448,124021456
2217,123031448,123031447
2218,123031448,123031446
2219,124011449,103031075
2220,124011449,124011451
2221,124011449,103011061
2222,124011449,103031071
2223,124011449,124011452
2224,124011449,124021456
2225,124011450,124031459
2226,124011450,124011454
2227,124011450,124021456
2228,124011451,124011453
2229,124011451,124011455
2230,124011451,103031075
2231,124011451,115031299
2232,124011451,124011454
2233,124011451,115031300
2234,124011451,124041468
2235,124011451,124011449
2236,124011451,124011452
2237,124011452,124011455
2238,124011452,124011451
2239,124011452,124011449
2240,124011452,124021456
2241,124011453,124011455
2242,124011453,124011451
2243,124011453,124011454
2244,124011453,124021456
2245,124011454,124031459
2246,124011454,124011450
2247,124011454,124011453
2248,124011454,124011451
2249,124011454,124031458
2250,124011454,124041468
2251,124011454,124021456
2252,124011455,124011453
2253,124011455,124011451
2254,124011455,124011452
2255,124011455,124021456
2256,124021456,124031459
2257,124021456,124011450
2258,124021456,124011453
2259,124021456,124011455
2260,124021456,123031448
2261,124021456,124031465
2262,124021456,124031463
2263,124021456,124011454
2264,124021456,103011061
2265,124021456,124011449
2266,124021456,124011452
2267,124021456,123031447
2268,124021456,101051540
2269,124021456,114021289
2270,124031457,124031464
2271,124031457,124031462
2272,124031457,124051581
2273,124031457,124031458
2274,124031458,124031464
2275,124031458,124031459
2276,124031458,116021312
2277,124031458,124031457
2278,124031458,116031316
2279,124031458,124051581
2280,124031458,124011454
2281,124031458,124041468
2282,124031459,124031461
2283,124031459,124031464
2284,124031459,124011450
2285,124031459,124031460
2286,124031459,124031463
2287,124031459,124011454
2288,124031459,124031458
2289,124031459,124021456
2290,124031460,124031461
2291,124031460,124031459
2292,124031460,124031463
2293,124031461,124031464
2294,124031461,124031459
2295,124031461,124031462
2296,124031461,124031460
2297,124031461,124031463
2298,124031462,124031461
2299,124031462,124031464
2300,124031462,124031457
2301,124031462,124051581
2302,124031462,124031463
2303,124031463,124031461
2304,124031463,124031459
2305,124031463,124031462
2306,124031463,124051470
2307,124031463,124051469
2308,124031463,124051581
2309,124031463,124031465
2310,124031463,124031460
2311,124031463,127011592
2312,124031463,127011505
2313,124031463,127021518
2314,124031463,124021456
2315,124031464,124031461
2316,124031464,124031459
2317,124031464,124031462
2318,124031464,124031457
2319,124031464,124031458
2320,124031465,123031448
2321,124031465,124031463
2322,124031465,127011505
2323,124031465,124021456
2324,124041466,115031300
2325,124041466,124041467
2326,124041466,124041468
2327,124041467,115041301
2328,124041467,116021312
2329,124041467,115031300
2330,124041467,124041466
2331,124041467,124041468
2332,124041468,116021312
2333,124041468,124011451
2334,124041468,124011454
2335,124041468,115031300
2336,124041468,124031458
2337,124041468,124041466
2338,124041468,124041467
2339,124051469,116031318
2340,124051469,124051470
2341,124051469,124051580
2342,124051469,124031463
2343,124051469,127021518
2344,124051470,124051469
2345,124051470,124051580
2346,124051470,124051581
2347,124051470,124031463
2348,124051580,116031317
2349,124051580,116031319
2350,124051580,116031318
2351,124051580,124051470
2352,124051580,124051469
2353,124051580,124051581
2354,124051581,116031317
2355,124051581,124031462
2356,124051581,124031457
2357,124051581,116031316
2358,124051581,124051470
2359,124051581,124051580
2360,124051581,124031463
2361,124051581,124031458
2362,125011473,120031396
2363,125011473,120011384
2364,125011473,125021477
2365,125011473,125011586
2366,125011473,125041492
2367,125011473,125011583
2368,125011475,120031575
2369,125011475,120031396
2370,125011475,125011586
2371,125011475,119011355
2372,125011582,125011586
2373,125011582,125031483
2374,125011582,125031481
2375,125011582,125011584
2376,125011582,125011583
2377,125011583,125011473
2378,125011583,125011586
2379,125011583,125041492
2380,125011583,125031481
2381,125011583,125011582
2382,125011584,125031479
2383,125011584,125011586
2384,125011584,125031483
2385,125011584,125011582
2386,125011584,125011587
2387,125011584,125011585
2388,125011585,125011586
2389,125011585,125011584
2390,125011585,125011587
2391,125011586,120031396
2392,125011586,125011473
2393,125011586,125011475
2394,125011586,125011584
2395,125011586,125011582
2396,125011586,125011587
2397,125011586,125011583
2398,125011586,125011585
2399,125011586,119011355
2400,125011587,125031479
2401,125011587,125011586
2402,125011587,125011584
2403,125011587,125011585
2404,125011587,119011361
2405,125011587,119011355
2406,125021476,126021497
2407,125021476,126011495
2408,125021476,126011496
2409,125021476,115011296
2410,125021476,125021478
2411,125021476,125041489
2412,125021476,125041490
2413,125021477,126021503
2414,125021477,126021497
2415,125021477,125021478
2416,125021477,125041489
2417,125021477,125011473
2418,125021477,125041492
2419,125021478,126021497
2420,125021478,125021477
2421,125021478,125021476
2422,125021478,125041489
2423,125031479,125031480
2424,125031479,119011354
2425,125031479,125031483
2426,125031479,125011584
2427,125031479,125011587
2428,125031479,119011361
2429,125031480,119011354
2430,125031480,125031479
2431,125031480,125031484
2432,125031480,125031483
2433,125031480,127021513
2434,125031480,127021515
2435,125031480,125031487
2436,125031481,125031484
2437,125031481,125031485
2438,125031481,125031483
2439,125031481,125041492
2440,125031481,125011582
2441,125031481,125011583
2442,125031482,116031318
2443,125031482,116011308
2444,125031482,125041588
2445,125031482,125031486
2446,125031482,125031484
2447,125031482,125031485
2448,125031482,125041589
2449,125031482,127021519
2450,125031482,127021521
2451,125031483,125031480
2452,125031483,125031479
2453,125031483,125031484
2454,125031483,125031485
2455,125031483,125031481
2456,125031483,125011584
2457,125031483,125011582
2458,125031484,125031480
2459,125031484,125031486
2460,125031484,125031485
2461,125031484,125031482
2462,125031484,125031483
2463,125031484,125031481
2464,125031484,125031487
2465,125031485,125041588
2466,125031485,125031484
2467,125031485,125031482
2468,125031485,125041589
2469,125031485,125031483
2470,125031485,125041492
2471,125031485,125031481
2472,125031486,125031484
2473,125031486,125031482
2474,125031486,127021519
2475,125031486,127021515
2476,125031486,125031487
2477,125031487,125031480
2478,125031487,125031486
2479,125031487,125031484
2480,125031487,127021515
2481,125041489,125041491
2482,125041489,125021477
2483,125041489,125021478
2484,125041489,125021476
2485,125041489,125041490
2486,125041489,125041492
2487,125041490,115011296
2488,125041490,125041491
2489,125041490,115011290
2490,125041490,125021476
2491,125041490,125041489
2492,125041491,125041493
2493,125041491,115011290
2494,125041491,125041494
2495,125041491,125041489
2496,125041491,125041490
2497,125041491,125041589
2498,125041491,125041492
2499,125041492,125041491
2500,125041492,125021477
2501,125041492,125041489
2502,125041492,125031485
2503,125041492,125041589
2504,125041492,125011473
2505,125041492,125031481
2506,125041492,125011583
2507,125041493,116011308
2508,125041493,125041491
2509,125041493,116011307
2510,125041493,125041494
2511,125041493,125041588
2512,125041493,125041589
2513,125041494,115011291
2514,125041494,125041493
2515,125041494,125041491
2516,125041494,115011290
2517,125041494,116011307
2518,125041588,125041493
2519,125041588,116011308
2520,125041588,125031485
2521,125041588,125031482
2522,125041588,125041589
2523,125041589,125041493
2524,125041589,125041491
2525,125041589,125041588
2526,125041589,125031485
2527,125041589,125031482
2528,125041589,125041492
2529,126011495,121031411
2530,126011495,126021497
2531,126011495,126021500
2532,126011495,126011496
2533,126011495,125021476
2534,126011496,121021406
2535,126011496,121031412
2536,126011496,121031411
2537,126011496,126011495
2538,126011496,115011296
2539,126011496,115011558
2540,126011496,125021476
2541,126021497,126021503
2542,126021497,126021500
2543,126021497,126011495
2544,126021497,126021591
2545,126021497,125021477
2546,126021497,125021478
2547,126021497,125021476
2548,126021498,126021501
2549,126021498,126021591
2550,126021498,126021499
2551,126021498,126021590
2552,126021499,126021501
2553,126021499,126021498
2554,126021500,121031411
2555,126021500,126021501
2556,126021500,126021497
2557,126021500,126011495
2558,126021500,126021591
2559,126021500,121031408
2560,126021500,121031407
2561,126021500,121031409
2562,126021501,126021500
2563,126021501,126021591
2564,126021501,126021498
2565,126021501,126021499
2566,126021501,121011399
2567,126021501,121031408
2568,126021503,126021497
2569,126021503,126021591
2570,126021503,125021477
2571,126021590,126021591
2572,126021590,126021498
2573,126021591,126021503
2574,126021591,126021501
2575,126021591,126021497
2576,126021591,126021500
2577,126021591,126021498
2578,126021591,126021590
2579,127011504,127011595
2580,127011504,127011594
2581,127011504,127021509
2582,127011504,127031600
2583,127011504,127031599
2584,127011504,127031598
2585,127011504,127021512
2586,127011505,127011593
2587,127011505,127011595
2588,127011505,127021510
2589,127011505,123031448
2590,127011505,127011506
2591,127011505,124031465
2592,127011505,127011592
2593,127011505,124031463
2594,127011505,127011597
2595,127011505,127021518
2596,127011506,127011596
2597,127011506,127031600
2598,127011506,123021438
2599,127011506,123021440
2600,127011506,123011433
2601,127011506,123011434
2602,127011506,123011435
2603,127011506,123031448
2604,127011506,127011505
2605,127011506,127011597
2606,127011592,124031463
2607,127011592,127011505
2608,127011593,127011595
2609,127011593,127011594
2610,127011593,127021509
2611,127011593,127021510
2612,127011593,127011505
2613,127011594,127011593
2614,127011594,127011595
2615,127011594,127021509
2616,127011594,127011504
2617,127011595,127011593
2618,127011595,127011596
2619,127011595,127011594
2620,127011595,127031600
2621,127011595,127011505
2622,127011595,127011597
2623,127011595,127011504
2624,127011596,127011595
2625,127011596,127031600
2626,127011596,127011506
2627,127011596,127011597
2628,127011597,127011596
2629,127011597,127011595
2630,127011597,127011506
2631,127011597,127011505
2632,127021509,127011593
2633,127021509,127011594
2634,127021509,127021510
2635,127021509,127011504
2636,127021509,127021514
2637,127021509,127021517
2638,127021509,127021512
2639,127021509,127021520
2640,127021510,127011593
2641,127021510,127021509
2642,127021510,127011505
2643,127021510,127021518
2644,127021510,127021519
2645,127021510,127021521
2646,127021510,127021514
2647,127021510,127021517
2648,127021511,127031598
2649,127021511,127031601
2650,127021511,127031523
2651,127021511,119011354
2652,127021511,127021512
2653,127021511,127021513
2654,127021512,127021509
2655,127021512,127031598
2656,127021512,127031601
2657,127021512,127011504
2658,127021512,127021513
2659,127021512,127021511
2660,127021512,127021520
2661,127021513,125031480
2662,127021513,119011354
2663,127021513,127021512
2664,127021513,127021516
2665,127021513,127021511
2666,127021513,127021515
2667,127021513,127021520
2668,127021514,127021509
2669,127021514,127021510
2670,127021514,127021517
2671,127021514,127021520
2672,127021515,125031480
2673,127021515,125031486
2674,127021515,127021519
2675,127021515,127021513
2676,127021515,127021516
2677,127021515,125031487
2678,127021516,127021519
2679,127021516,127021517
2680,127021516,127021513
2681,127021516,127021515
2682,127021516,127021520
2683,127021517,127021509
2684,127021517,127021510
2685,127021517,127021519
2686,127021517,127021514
2687,127021517,127021516
2688,127021517,127021520
2689,127021518,127021510
2690,127021518,116031318
2691,127021518,124051469
2692,127021518,124031463
2693,127021518,127011505
2694,127021518,127021521
2695,127021519,127021510
2696,127021519,125031486
2697,127021519,125031482
2698,127021519,127021521
2699,127021519,127021517
2700,127021519,127021516
2701,127021519,127021515
2702,127021520,127021509
2703,127021520,127021514
2704,127021520,127021517
2705,127021520,127021512
2706,127021520,127021513
2707,127021520,127021516
2708,127021521,127021510
2709,127021521,116031318
2710,127021521,127021518
2711,127021521,125031482
2712,127021521,127021519
2713,127031522,127031600
2714,127031522,123021440
2715,127031522,127031599
2716,127031522,127031598
2717,127031522,127031523
2718,127031522,123021442
2719,127031522,127031524
2720,127031523,119011356
2721,127031523,127031598
2722,127031523,127031601
2723,127031523,119011354
2724,127031523,127021511
2725,127031523,127031524
2726,127031523,127031522
2727,127031523,119011359
2728,127031524,123021440
2729,127031524,123021439
2730,127031524,123021441
2731,127031524,127031598
2732,127031524,127031523
2733,127031524,123021442
2734,127031524,127031522
2735,127031524,119011359
2736,127031524,128021535
2737,127031598,127031599
2738,127031598,127031601
2739,127031598,127011504
2740,127031598,127031523
2741,127031598,127021512
2742,127031598,127021511
2743,127031598,127031524
2744,127031598,127031522
2745,127031599,127031600
2746,127031599,127031598
2747,127031599,127011504
2748,127031599,127031522
2749,127031600,127011596
2750,127031600,127011595
2751,127031600,123021440
2752,127031600,127011506
2753,127031600,127031599
2754,127031600,127011504
2755,127031600,127031522
2756,127031601,127031598
2757,127031601,127031523
2758,127031601,127021512
2759,127031601,127021511
2760,128011529,128021536
2761,128011529,128011531
2762,128011529,128021537
2763,128011529,128011530
2764,128011529,128021538
2765,128011530,128011529
2766,128011530,128011531
2767,128011530,128011603
2768,128011530,128011602
2769,128011531,128011529
2770,128011531,128021536
2771,128011531,119031374
2772,128011531,128011530
2773,128011531,128011602
2774,128011602,128011531
2775,128011602,128011603
2776,128011602,128011530
2777,128011602,128011606
2778,128011603,128011605
2779,128011603,128011530
2780,128011603,128011602
2781,128011603,128011606
2782,128011604,128021537
2783,128011604,128011606
2784,128011605,128011603
2785,128011606,128011603
2786,128011606,128011602
2787,128011606,128011604
2788,128021533,123021439
2789,128021533,107041147
2790,128021533,128021535
2791,128021533,128021537
2792,128021533,128021607
2793,128021534,128021535
2794,128021535,123021439
2795,128021535,127031524
2796,128021535,119011359
2797,128021535,128021533
2798,128021535,128021534
2799,128021535,128021607
2800,128021535,128021538
2801,128021535,128021609
2802,128021536,128011529
2803,128021536,128011531
2804,128021536,128021538
2805,128021537,107041147
2806,128021537,128011529
2807,128021537,128021533
2808,128021537,128021607
2809,128021537,128021538
2810,128021537,128021608
2811,128021537,128011604
2812,128021538,128011529
2813,128021538,128021535
2814,128021538,128021536
2815,128021538,128021537
2816,128021538,128021608
2817,128021538,128021609
2818,128021607,123021439
2819,128021607,128021533
2820,128021607,128021535
2821,128021607,128021537
2822,128021607,128021608
2823,128021607,128021609
2824,128021608,128021537
2825,128021608,128021607
2826,128021608,128021538
2827,128021608,128021609
2828,128021609,128021535
2829,128021609,128021607
2830,128021609,128021538
2831,128021609,128021608
