SA4_CODE_2016,SA4_NAME_2016,,SA4_2011,Sw_amt,Alow_ben_amt,ETP_txbl_amt,Grs_int_amt,Aust_govt_pnsn_allw_amt,Unfranked_Div_amt,Frk_Div_amt,Dividends_franking_cr_amt,Net_rent_amt,Gross_rent_amt,Other_rent_ded_amt,Rent_int_ded_amt,Rent_cap_wks_amt,Net_farm_management_amt,Net_PP_BI_amt,Net_NPP_BI_amt,Total_PP_BI_amt,Total_NPP_BI_amt,Total_PP_BE_amt,Total_NPP_BE_amt,Net_CG_amt,Tot_CY_CG_amt,Net_PT_PP_dsn,Net_PT_NPP_dsn,Taxed_othr_pnsn_amt,Untaxed_othr_pnsn_amt,Other_foreign_inc_amt,Other_inc_amt,Tot_inc_amt,WRE_car_amt,WRE_trvl_amt,WRE_uniform_amt,WRE_self_amt,WRE_other_amt,Div_Ded_amt,Intrst_Ded_amt,Gift_amt,Non_emp_spr_amt,Cost_tax_affairs_amt,Other_Ded_amt,Tot_ded_amt,PP_loss_claimed,NPP_loss_claimed,Rep_frng_ben_amt,Med_Exp_TO_amt,Asbl_forgn_source_incm_amt,Spouse_adjusted_taxable_inc,Net_fincl_invstmt_lss_amt,Rptbl_Empr_spr_cont_amt,Cr_PAYG_ITI_amt,TFN_amts_wheld_gr_intst_amt,TFN_amts_wheld_divs_amt,Hrs_to_prepare_BPI_cnt,Taxable_Income,Help_debt,MCS_Emplr_Contr,MCS_Prsnl_Contr,MCS_Othr_Contr,MCS_Ttl_Acnt_Bal
401,Adelaide - Central and Hills,,Adelaide - Central and Hills,42231.37599,594.098557,230.1677103,1182.783011,925.1173428,123.2676286,4353.083583,1865.271168,-433.3449496,3290.927852,1676.535257,1849.485162,198.2523822,-6.948543425,37.79063436,3850.583719,292.5088484,8916.454669,203.4317996,5040.295399,1275.372992,3114.121971,83.22651783,8029.857065,166.436428,1345.407024,169.0884835,1809.235502,67831.89028,593.8227607,133.7225701,83.46065886,76.50639804,576.8821127,135.0887558,41.34304383,608.25211,517.0495508,213.9700517,309.2970324,3289.395045,13.90389328,68.82684454,1639.85407,15.68037027,367.631364,43345.43833,40.11434794,1451.46447,3588.25456,9.82058263,2.92621835,0.04465015,64524.42853,2408.276069,4955.384155,3751.671658,754.5965151,149624.7005
402,Adelaide - North,,Adelaide - North,39515.99466,477.6139287,129.0664887,493.4040281,1124.910216,25.02135404,508.4974521,217.942975,-418.7396263,1760.799806,900.7092939,1132.297986,146.5321524,0,-15.05023053,1582.372482,126.7670468,3814.582626,114.3994176,2193.761951,165.1138073,410.6039796,116.7886435,2320.923805,71.87357438,895.9107013,65.41276389,1022.745693,48299.8066,554.41058,127.7908275,141.5569037,50.67386557,444.3921378,21.28779422,6.79058481,135.9376365,163.5365203,137.0735258,107.3355982,1890.785974,19.25649114,15.74909003,1116.131036,9.182237321,116.930842,26830.20019,6.104100946,540.4117933,584.4736714,3.437515166,0.490900267,0.09148265,46419.64426,1575.271536,3739.25819,1402.703227,660.4156758,81402.05848
403,Adelaide - South,,Adelaide - South,39789.78876,407.5396543,250.9499237,771.7104728,1219.672852,53.49415353,2002.898068,854.9046772,-477.7679207,2219.389171,1137.12786,1402.490086,157.5391459,-41.44636502,17.7191154,1864.615658,69.36476868,5731.036858,50.16725979,3788.963396,504.6540417,1654.30605,111.247331,4015.966955,141.8805287,1191.21759,25.39654296,1362.588205,54067.07905,582.1700559,104.8223183,112.1042196,53.12328419,518.121759,80.13497712,35.54499237,163.9405186,308.1204881,118.8571429,131.0193188,2207.959075,4.086680224,41.7808846,1767.237672,15.60549059,183.3978139,33242.01576,59.94890696,968.6184545,1005.653025,4.312913066,0.096593798,0.026436197,51843.68073,2040.894255,4204.142603,2120.449161,719.1169293,105284.6327
404,Adelaide - West,,Adelaide - West,40478.98558,406.3237179,140.463141,834.3205128,1006.25,38.27323718,965.3978365,413.1590545,-301.2307692,2306.850561,1123.524038,1313.038061,171.5192308,0,-4.798878205,1240.674279,6.366987179,3864.758814,11.16586538,2565.054087,245.7736378,598.3858173,-250.5420673,3548.293269,136.1370192,1163.005208,22.78245192,1393.424679,51476.69511,601.6233974,116.177484,120.2664263,50.17347756,484.5552885,54.41666667,95.36538462,102.5472756,245.1229968,179.6730769,116.5220353,2166.44351,32.34815705,25.98878205,1156.201122,9.141025641,175.9763622,29612.64022,39.03485577,756.8982372,743.7171474,5.924278846,0.256009615,0.06650641,49294.2484,2066.791667,4284.579728,1799.671474,306.099359,97529.90785
801,Australian Capital Territory,,Australian Capital Territory,53013.13219,493.6165924,272.0732018,1000.971992,611.5970719,63.19859962,1386.633779,593.9898154,-978.2847443,3718.668576,2028.263526,2277.804795,390.8849989,0,-33.00572884,1564.607469,47.4046255,4348.346488,64.38616592,2735.717377,746.1695311,2242.539147,-164.0519839,3198.380225,152.8529599,4079.373435,66.81222151,1421.988542,67490.05538,478.9828135,109.5158073,78.4797369,95.68470189,467.5090176,220.9119457,40.26352642,355.5376618,297.8164651,182.1688945,162.4035646,2489.274135,4.014215998,15.87205602,1003.261405,24.42881392,274.9365585,43827.37853,32.13430936,985.7080416,1009.169107,9.686399321,0.36176533,0.039889667,65083.62317,2351.03607,4814.302355,4753.357946,1783.405686,161058.7346
201,Ballarat,,Ballarat,36017.46667,678.1235474,136.8103976,824.6012232,1311.194495,52.50764526,1230.605505,527.3608563,-71.28379205,1929.914985,994.240367,922.6801223,84.27828746,68.31498471,-89.43853211,1389.582875,553.8018349,6003.336391,604.2262997,4599.907645,483.0452599,1090.001835,213.1394495,3107.851988,207.1217125,266.582263,14.51681957,1367.684404,47735.78777,811.4,176.075841,157.0391437,52.90275229,621.440367,75.08807339,52.13211009,110.7651376,328.2948012,161.1547401,96.29174312,2642.584709,100.5987768,150.0348624,1399.502141,15.89724771,117.8929664,26958.7419,49.97370031,769.1186544,764.3889908,7.009174312,1.03853211,0.108256881,44846.70031,1864.994495,3677.888685,2708.308257,586.4788991,104236.608
405,Barossa - Yorke - Mid North,,Barossa - Yorke - Mid North,32534.71142,256.1761116,549.9285092,1116.669573,1034.420227,63.15518745,896.505667,383.6338274,-118.401918,1599.444638,813.2214473,807.0610288,97.56408021,-385.1857018,-117.9494333,872.4385353,1966.714037,25976.85179,1934.515257,25051.1456,363.8273758,849.6294682,4608.80558,4927.473409,98.44202267,944.951177,8.508282476,2236.882302,50275.00697,471.8666085,243.9581517,124.5710549,52.26329555,388.0209241,17.32693984,20.74978204,88.95204882,924.4960767,129.7802964,112.516129,2574.501308,272.4149956,82.47340889,982.0993897,8.027898867,44.57192677,33488.42633,7.123801221,635.1830863,1678.127289,2.798605057,0.452484743,0.056669573,47400.69922,733.8544028,3527.073235,3421.481255,200.8788143,102761.8701
202,Bendigo,,Bendigo,35327.86239,434.6,87.34434251,1162.979205,1133.029358,60.9088685,2932.140673,1254.537003,-51.09602446,1872.621407,872.4819572,945.3186544,105.9168196,-24.31681957,10.41223242,1273.80367,293.7767584,6365.329052,290.2183486,5015.034862,626.6727829,1532.82263,151.6703364,3737.634251,105.848318,419.4996942,34.0030581,1330.801223,50008.33456,583.4324159,135.1107034,132.275841,43.22996942,541.475841,17.89602446,15.65565749,204.6220183,297.511315,127.3449541,103.3865443,2201.941284,55.86544343,34.58165138,1660.379817,13.35902141,106.2348624,29560.27339,12.66850153,704.4006116,1015.809786,2.664220183,0.190214067,0.013455657,47928.89419,1841.305199,3657.957187,2974.332722,397.3284404,100252.5468
301,Brisbane - East,,Brisbane - East,47445.57484,1036.751592,508.2492038,810.5664809,694.482086,27.05015924,1296.449841,555.2762739,-452.3228503,3013.681927,1513.000796,1740.728901,212.2750796,0,7.82683121,1419.098328,42.03343949,3903.421975,29.34832803,2472.509156,902.6871019,1860.86465,46.78184713,4703.55414,201.7085987,377.0234873,70.76950637,1583.576831,61235.10589,743.4542197,200.4932325,131.2428344,69.3160828,554.5274682,44.03184713,47.19426752,190.4617834,287.2101911,146.4355096,194.9570064,2609.324443,0,54.59036624,998.6536624,18.28861465,351.4175955,39218.63217,66.76910828,1029.45422,872.3443471,7.571656051,0.132961783,0.072452229,58589.93949,1366.245621,5013.836783,1992.870621,928.5855892,120841.377
302,Brisbane - North,,Brisbane - North,47469.17083,599.1446414,245.3791297,695.7933118,916.7542305,49.48831587,2030.026189,869.491942,-512.093473,2641.685737,1379.70145,1559.288477,214.7892828,0.475423046,38.67163578,1716.068493,55.09669621,4970.584609,16.42546334,3206.217969,843.666801,1828.459307,7.476228848,3160.952055,109.4717969,385.6796938,64.69863014,1378.215149,60068.53102,632.317083,207.3360193,121.4033038,74.20910556,543.268332,148.7989525,44.59427881,172.0878324,165.609589,135.5096696,158.2518131,2403.385979,0,16.60515713,1122.460919,16.40209508,276.5660757,34007.93997,56.37308622,896.5237712,828.7054795,6.81385979,0.264705882,0.051571313,57671.17405,2173.760274,4756.715552,1784.123288,771.7280419,103672.921
303,Brisbane - South,,Brisbane - South,45885.72679,640.675328,271.7129162,989.7878406,797.7542886,121.1162967,1793.933148,765.2938951,-508.641776,3351.937941,1688.06559,1918.150101,254.3640262,0,0.454086781,1602.582745,77.36200807,19398.91927,68.15035318,17717.99168,830.2863269,1816.822906,4.187436932,3830.329213,111.9550959,191.0797175,151.2638749,2029.274975,59508.77497,608.4182644,143.5353179,106.5,106.3839556,525.5398587,232.5794652,150.7840565,290.5282543,201.64556,124.6839051,168.413219,2659.011857,0,22.91120081,1103.787588,16.50454087,327.5958628,33432.05752,53.65968718,979.9437437,2030.575429,7.687184662,0.648335015,0.099142281,56909.87588,2950.35671,4891.539859,2018.868063,877.2373865,102332.0648
304,Brisbane - West,,Brisbane - West,53216.25391,830.7719727,765.6972656,1235.880859,844.1298828,88.51123047,2229.731445,955.3417969,-686.8125,3475.642578,1983.361328,1865.82666,313.2670898,0,-40.68066406,2565.491211,25.18017578,5999.841797,40.91113281,3228.208496,2349.384277,6447.391113,18.09375,6639.155273,312.7060547,682.0600586,229.737793,2891.771484,75127.2251,622.9018555,163.0668945,82.95751953,59.39746094,581.1000977,202.9233398,119.9663086,365.3959961,338.8007813,270.3164063,279.5961914,3086.422852,34.82470703,61.70019531,1271.037598,30.68554688,729.0693359,52151.86719,72.41015625,1330.324219,2296.239258,10.06982422,0.830078125,0.080566406,71982.42773,3373.052734,5717.55957,4475.92627,968.9038086,172007.8789
305,Brisbane Inner City,,Brisbane Inner City,57981.19989,845.1264991,488.9874358,1220.231296,597.21502,77.27755568,5165.443461,2213.329812,-703.1147915,4543.823815,2455.768704,2468.287264,322.8826385,0,-90.10850942,4629.290977,115.9029126,17249.1285,170.0119931,12409.9072,2005.4743,6024.669046,-175.1667619,7475.14763,111.2567105,369.7655625,152.2547116,2441.978584,84805.70674,690.8066819,221.022273,94.81467733,120.8652199,643.0916619,180.6090805,123.0950885,382.3183895,469.7921188,277.8655054,269.6039406,3473.884637,0.217018846,151.7210166,1916.600514,15.050257,656.089663,48395.46688,104.7415762,1141.365505,3128.924043,8.87178755,3.542832667,0.040833809,81310.3952,3887.138207,5881.552827,3504.611365,1093.789263,145852.6545
501,Bunbury,,Bunbury,46577.91844,544.1953532,356.1749644,794.0497866,883.0398293,57.39497392,1078.514936,461.1190138,-385.95211,2607.95211,1266.363679,1491.978663,235.5618777,101.7548601,-162.2840209,2368.148412,477.886202,6045.868658,571.0682788,3638.416785,445.0531057,1608.658132,55.35467046,5221.727833,80.63916548,290.4518729,36.07776197,2090.085823,60893.48886,454.7140825,140.9174964,135.3926031,89.73494547,478.5101944,48.82835467,42.49122807,169.2697961,397.5708867,227.8814604,166.6216216,2351.93267,40.21384542,99.20768137,900.9577999,8.816500711,618.6813656,36689.63063,95.81555239,820.23945,1533.953058,7.832622096,0.146514936,0.114746325,58527.79801,782.1773352,4776.673779,3700.985775,511.3731626,111687.0498
306,Cairns,,Cairns,37061.32862,448.3379182,146.1438662,803.394052,1078.112268,47.28736059,731.1747212,313.0282528,-192.104461,2426.081041,1315.974349,1143.943866,158.2672862,14.97472119,-178.794052,2134.784387,673.9063197,6271.992565,775.8873606,4081.99777,263.0356877,1443.589591,-123.7840149,3517.190706,140.0754647,278.669145,222.2078067,1557.994052,48263.08699,578.7959108,171.6977695,166.905948,72.57472119,533.5635688,37.1802974,27.14052045,127.4747212,260.5405204,139.9081784,110.4152416,2226.197398,36.60966543,53.63011152,1015.775836,10.26840149,524.5776952,26819.20149,18.26802974,699.8479554,978.1814126,3.156133829,0.027509294,0.016728625,46013.99182,1254.058364,3930.097026,2020.095911,421.4342007,85403.21822
101,Capital Region,,Capital Region,37904.14029,573.8421728,83.54234388,1174.576133,1073.70231,70.21214713,1625.958084,696.528657,-22.46321642,2803.012831,1346.254919,1309.017964,170.2031651,-43.25064157,-160.2566296,2140.316938,754.3528657,6948.754919,830.3071001,4710.960222,765.6591104,2139.01497,-49.0188195,3702.997861,271.1826347,1275.017964,23.32121471,2734.089393,53840.09795,464.716852,136.6030796,119.9918734,48.46321642,425.242515,64.63558597,45.11291702,134.4602224,327.185201,166.9375535,124.5153978,2057.864414,150.9213003,55.86655261,816.4375535,22.59837468,564.1026518,34110.60565,30.75962361,817.1976048,2059.616339,4.141573995,0.933276305,0.026946108,51597.33961,1138.897776,3735.325492,3545.231394,1149.483319,116440.799
102,Central Coast,,Central Coast,39789.00058,614.9216989,208.7148223,929.0023115,1207.01618,33.48194164,2679.204276,1148.112973,-63.22103438,2256.006645,1024.16267,1152.015025,143.0499856,0,33.32909564,1843.543773,88.73851488,6182.920543,52.09505923,4291.432245,659.6581913,2021.65588,72.22103438,2311.101705,283.8344409,443.6677261,24.41664259,1333.996244,53552.026,763.1138399,152.8451315,141.7532505,88.15342387,544.7841664,52.61629587,37.66108061,110.5102572,183.043629,132.3917943,114.6529905,2321.52586,9.125686218,32.15024559,1262.366368,11.04940769,139.113551,29234.93615,81.80439179,591.7581624,938.2311471,4.781854955,0.196186073,0.045651546,51213.59289,1549.780121,3918.686507,1670.356833,368.2360589,96079.59347
103,Central West,,Central West,40259.28693,385.5323266,227.1363851,1012.428504,1323.283624,164.2279377,2715.160925,1163.363851,-112.7682869,2388.204814,1131.590373,1210.224634,159.1580934,-223.2180274,-285.5172251,1361.210949,2110.078339,5273.493157,2200.472393,3890.470977,316.7163756,1975.683341,895.7630958,4695.460123,256.6474752,156.5549788,40.97829165,2507.209061,56859.45871,578.3496933,162.5724398,164.0231241,102.0934403,496.0722039,70.36385087,25.24445493,166.4200094,363.4459651,138.470033,131.2255781,2398.280793,223.6210477,36.86644644,897.2222747,9.697026899,46.96696555,32117.69655,27.51061822,735.2812647,2062.692308,5.696554979,0.492213308,0.016989146,54235.77301,1594.253893,4090.605946,2330.60925,411.2973101,107898.1052
104,Coffs Harbour - Grafton,,Coffs Harbour - Grafton,31491.01239,431.0874636,57.28425656,1005.520408,1491.210641,40.85495627,916.2120991,391.28207,46.77405248,2098.155977,979.2456268,957.5932945,114.5430029,3.290816327,-225.2827988,1409.698251,426.2696793,5939.98688,433.4139942,4435.815598,436.5750729,1206.861516,21.82142857,2763.209184,237.5663265,406.9890671,15.50510204,1698.951895,42639.56268,579.8498542,191.5998542,143.6982507,67.49854227,463.9825073,26.52405248,32.58017493,189.1333819,384.2376093,150.3666181,125.9395044,2355.41035,44.03790087,89.6122449,1318.232507,7.637755102,267.28207,26483.29446,39.77259475,494.6858601,738.8053936,2.396501458,0.264577259,0.035714286,40207.05394,1404.911808,3090.195335,3443.958455,364.8469388,102299.0933
307,Darling Downs - Maranoa,,Darling Downs - Maranoa,36829.03409,427.3728693,177.3487216,898.8238636,911.8664773,36.20099432,981.9261364,420.9517045,-166.0369318,2492.778409,1266.529119,1252.388494,139.8977273,-31.875,-1258.301136,899.1690341,2642.268466,4873.365057,3621.011364,3921.029119,912.2926136,5875.09375,-356.5525568,4683.513494,145.4176136,213.9765625,25.34446023,3253.255682,49003.72869,558.1257102,271.3409091,171.5909091,79.20241477,421.5049716,94.57670455,10.23792614,74.55255682,397.1441761,149.1306818,146.8984375,2374.305398,234.3849432,306.7613636,668.0838068,13.19815341,41.20880682,29500.4581,46.56463068,608.6285511,1113.759943,7.803267045,1.334517045,0.047585227,46464.41974,941.9410511,3826.34304,3846.362926,1187.75,95722.94318
701,Darwin,,Darwin,59149.36968,566.7377317,110.5049073,512.4274809,503.5174482,12.91984733,879.6897492,377.0261723,-766.8282443,4851.374591,2378.580153,2771.811341,467.8113413,0,-416.5370774,1311.281352,461.4236641,3596.050709,860.9160305,2273.268811,405.4482007,1878.015267,68.5736096,1781.195747,115.7241003,704.2709924,22.7868048,1660.810251,66998.91876,727.738277,128.9738277,209.6995638,108.4509269,708.9487459,66.78189749,19.03598691,201.9525627,145.3964013,193.917121,137.7126499,2648.607961,300.7088332,63.06434024,1926.801527,10.42966194,216.455289,36317.83697,46.95692475,575.5736096,704.3369684,9.043620502,0.230098146,0.023991276,64063.40731,1374.858779,4912.38277,1454.91494,1304.839149,90851.3615
105,Far West and Orana,,Far West and Orana,38230.2897,525.3673986,25.92736486,921.5236486,1250.57348,23.2339527,894.3581081,383.4974662,-107.1258446,1910.847973,980.1883446,912.7871622,124.9983108,-37.0472973,-109.8927365,1040.347973,1945.765203,4355.399493,2037.783784,3260.702703,173.3386824,441.1182432,943.9746622,2911.1875,75.47381757,180.7880068,19.07179054,1327.157939,48672.05405,519.1689189,247.6630068,158.5996622,81.92398649,493.8826014,8.690033784,62.27618243,85.42060811,372.8386824,144.625,102.5439189,2277.632601,290.652027,50.49239865,1066.526182,16.96537162,31.91976351,28681.64274,24.22804054,661.4467905,957.597973,4.077702703,0.116554054,0.037162162,46063.14189,1199.989865,3981.425676,3077.478885,391.2119932,90073.62753
203,Geelong,,Geelong,38382.00175,575.0548376,186.4872511,837.4928397,998.4173943,62.57492141,1312.060426,562.0866224,-295.5801607,2437.147747,1176.784492,1400.096402,155.8470136,-56.10548376,-25.15962277,2949.532658,177.0695075,8428.728606,194.5151939,5470.132379,1522.930143,4056.202934,144.1215508,4957.942019,225.4554663,405.169752,114.1246944,1231.547677,54090.15473,747.5420887,118.1121202,139.7265107,72.25288159,559.1397136,75.14111072,43.599022,235.539993,424.2892071,195.5993713,99.78798463,2710.730003,177.1016416,9.891372686,1251.030388,14.61788334,189.0939574,31468.28641,52.17778554,931.4152986,1295.438701,4.214460356,0.275934335,0.028641285,51267.18372,2151.544883,4077.235417,3345.45861,640.6311561,135086.3528
309,Gold Coast,,Gold Coast,38834.20611,896.8204844,169.5752731,949.4231439,1109.193288,48.05952192,2324.202311,995.866234,-393.5051448,3026.126642,1519.38895,1668.318506,231.9243312,0,34.62387209,2107.111604,96.91230014,6681.937154,63.09751464,4451.179041,1024.49343,3080.27703,-33.16194396,5653.122685,193.4484724,355.0994143,95.31866392,1637.648251,56001.57496,819.2534431,218.1350325,145.8515118,85.0796264,565.7156878,79.02786133,63.58682919,114.5744816,268.5225582,203.7457654,159.0869083,2722.579706,19.96548995,157.8182682,789.7699858,14.85483616,416.2292227,31483.64081,73.40256451,650.7679278,1939.342884,5.39734051,0.584454646,0.03862593,53161.84296,2155.755897,4043.65854,2480.055089,392.7801171,105710.9842
601,Hobart,,Hobart,37458.88361,379.0681334,191.3587651,851.9648687,1265.804116,61.37437899,1957.097587,840.2224982,37.7689851,1816.561391,803.9080908,883.8555713,91.02874379,-9.386089425,16.32469837,2123.126331,217.0482612,8706.783534,140.7008517,6427.020227,424.8115685,1203.855926,38.35095813,2426.016678,145.4247693,1395.844925,73.08942512,1683.453513,51360.60326,471.2643719,79.97374024,119.6387509,65.52874379,477.1185238,38.56635912,21.28105039,283.371895,210.5191625,101.5734564,110.8814762,1979.71753,56.68417317,23.69268985,1536.195174,21.34421576,411.1391057,30212.1785,9.395670688,926.9347055,1147.793825,2.936124911,0.346699787,0.037970192,49377.52271,1996.380057,3798.773953,3362.460256,823.1355571,118411.6739
204,Hume,,Hume,35057.83762,391.3842444,195.9533762,957.5782422,1141.258307,47.57931404,840.9908896,360.4281886,-118.3992497,1687.907288,794.9362272,922.1055734,89.26473741,-66.05037513,-235.392283,1435.164523,771.8853162,4764.11522,941.4801715,3204.227224,391.9496249,871.2245445,-253.2122186,2896.971597,138.5487674,489.4303323,17.2357985,1239.436227,44928.69293,558.9105038,171.0332262,140.8242229,51.7920686,400.4271168,20.83118971,23.78617363,82.01018221,173.5712755,127.7856377,79.44855305,1830.42015,105.3563773,72.17684887,1036.989282,9.229903537,173.3102894,28201.88585,11.97642015,652.3167203,848.9303323,2.886387996,1.072347267,0.016613076,42966.71704,1331.947481,3413.015005,2968.625402,1018.491426,103504.4577
106,Hunter Valley exc Newcastle,,Hunter Valley exc Newcastle,48629.24269,588.497807,405.9813596,928.938962,1125.09576,20.62828947,1070.947368,458.4813596,-364.2119883,2286.857091,1085.107456,1365.5,200.4616228,1.725146199,-450.5084064,1224.251096,327.0698099,5469.68019,626.5354532,4233.683114,303.6465643,748.9247076,-337.1345029,1792.852339,172.5211988,414.248538,30.72149123,1473.430921,57489.35599,737.0822368,151.3768275,159.9470029,88.55226608,528.0168129,38.67909357,61.34502924,107.2152778,158.373538,154.0087719,113.0990497,2297.695906,52.18457602,145.0829678,919.8534357,12.03545322,91.48135965,34363.66301,75.60160819,727.7986111,1424.416667,3.567251462,0.072368421,0.04130117,55152.95687,1028.440424,4702.527778,2089.927997,475.3092105,114666.0029
107,Illawarra,,Illawarra,46865.52046,671.425218,268.1639839,1087.423877,1043.51945,30.2843729,2047.042254,877.2508384,-24.94466801,2658.176727,1259.483568,1259.768612,163.8692153,46.83098592,-16.12608987,2067.766935,92.46512408,7006.938967,108.4342723,4898.517773,1199.428907,3194.798122,3.459758551,1936.419517,261.2035547,201.0764588,29.19014085,1145.681422,59740.61737,826.3383635,181.962106,167.7152918,120.8283032,759.3413816,51.26123407,75.55566734,131.2659289,232.8819584,135.7967807,141.4768612,2824.423877,58.31120054,63.36452046,1236.077465,17.20422535,74.20120724,33951.42488,82.30549966,989.0566734,1031.814889,5.595238095,0.255868545,0.033534541,56846.69718,1789.13548,4611.163984,1932.495976,658.9325956,129753.2274
310,Ipswich,,Ipswich,43833.74032,642.2520027,149.3197597,454.4028705,1133.226302,13.77536716,261.605474,112.0674232,-348.0974633,1627.549733,888.8968625,964.7840454,121.9662884,0,-31.77102804,1702.142857,315.4919893,6455.455607,337.0317089,4685.941923,166.1091455,450.7837116,69.80340454,961.9809746,99.6111482,354.6512016,12.68224299,1630.920895,51218.4229,719.838785,189.1992657,163.5086782,77.25867824,558.2606809,24.79873164,20.15921228,98.30841121,76.15086782,111.3397864,106.0440587,2144.867156,21.92890521,21.44626168,952.1491989,7.403871829,152.8845127,25789.00935,73.24065421,592.6535381,459.2993992,7.370493992,0.053070761,0.082777036,49050.35347,1752.381175,4040.163551,1179.234312,585.3805073,80407.6966
205,Latrobe - Gippsland,,Latrobe - Gippsland,36520.7222,612.2491956,392.8369682,1181.436182,1242.385413,75.09259921,1479.013586,632.8316053,-38.93814802,1662.023239,840.0425456,776.159099,84.75974258,-46.27851269,-363.5219878,1238.772256,1534.519128,5989.249553,1758.460136,4659.794065,318.1022524,1558.922059,588.8859492,3142.612084,134.9052556,255.8973901,25.35180551,1503.022167,48895.37826,715.9574544,186.5341437,155.7944226,62.30353951,528.2649267,67.66285306,42.765463,94.31247765,320.806221,134.6313908,76.59528066,2385.628173,105.917054,53.33821952,1103.712907,11.64890955,329.1898463,27345.78691,12.8330354,700.6982481,774.2602789,3.855202002,0.202002145,0.189846264,46393.63211,1133.436539,3507.529496,3074.087236,790.8995352,106306.2506
602,Launceston and North East,,Launceston and North East,36618.87965,449.744016,69.82779255,738.9115691,1331.170878,39.85305851,1413.945479,606.3131649,17.41888298,1208.950133,573.6522606,555.9807181,61.89827128,128.2898936,-48.37167553,1431.396277,872.0053191,4370.775266,898.5518617,2898.864362,939.7918883,3398.355053,0.48537234,2540.230718,135.0066489,616.668883,63.47672872,946.0292553,48039.06848,448.4055851,104.6077128,141.8484043,40.25066489,478.6702128,8.554521277,42.82446809,94.57845745,236.8417553,123.3484043,102.2327128,1822.162899,72.29321809,20.07513298,1274.989362,10.2087766,128.1509309,30689.17952,29.01263298,684.2167553,979.4847074,2.97606383,0.085771277,0.011968085,46146.66423,1382.681516,3730.930851,2103.412899,512.65625,103852.9668
311,Logan - Beaudesert,,Logan - Beaudesert,42279.79419,749.5706422,222.3574924,462.5143731,1040.944037,33.09449541,386.241896,165.4012232,-441.0795107,1849.099694,965.2544343,1190.776758,134.1480122,11.19266055,-52.0648318,1625.48685,93.48256881,4845.136697,144.7012232,3165.433028,174.9388379,510.3996942,-160.7932722,2576.243425,89.95045872,284.0388379,142.1639144,1322.863303,50912.85963,808.0932722,216.569419,163.730581,60.79541284,523.0336391,72.39174312,26.05198777,141.9370031,116.3055046,138.1324159,117.1091743,2384.150153,1.25382263,51.00366972,839.0960245,9.7382263,337.2116208,27598.24709,80.25076453,628.3984709,630.2192661,5.521406728,0.10795107,0.020489297,48573.2893,1536.302446,4185.183792,1274.383792,327.4804281,71685.94465
502,Mandurah,,Mandurah,50754.31269,319.1187817,216.6771574,928.0365482,1275.867005,15.48324873,1097.48731,470.5563452,-398.1817259,2377.116751,1080.158376,1488.924873,206.2152284,0,66.11979695,2299.775635,101.693401,7175.257868,35.57360406,4748.770558,438.657868,910.4345178,48.5106599,3252.364467,75.36751269,588.7177665,551.8761421,1720.06599,63720.8132,639.1736041,118.5705584,134.8071066,66.68527919,479.2751269,16.10659898,6.707614213,91.19086294,226.8680203,159.1766497,162.3451777,2100.906599,0,43.26395939,792.8923858,16.47411168,1011.206091,33373.71066,11.57055838,848.8670051,1124.796954,9.111675127,0.210152284,0.042639594,61588.86091,636.5746193,5047.905584,1906.544162,360.6761421,97127.01523
206,Melbourne - Inner,,Melbourne - Inner,51456.05952,855.6995662,313.3331074,1302.251085,625.0330803,115.9154013,4294.914995,1840.091242,-335.8843547,3656.328498,1622.988069,2132.325108,236.8996746,-62.4186551,-28.65292842,2711.462446,277.3054501,8761.629745,283.4357375,5917.206887,2549.115645,6204.489967,107.8313449,6743.513557,188.6690618,228.2814534,278.6091377,1782.584056,74966.41133,715.8537148,207.9204176,88.39235358,157.9979664,738.7517625,184.8310738,71.767218,545.2449837,402.6027657,239.2117679,181.3909978,3533.965022,24.17489154,141.8120933,1891.302874,23.77725054,489.3312093,34646.6852,48.33324295,903.2604393,2850.976274,10.3130423,0.405911063,0.122424078,71384.22505,3881.509761,5215.240239,3598.050976,545.2205803,141596.6011
207,Melbourne - Inner East,,Melbourne - Inner East,45349.72638,774.5332164,374.9309362,2154.402324,712.7594826,163.0745451,5814.093181,2490.959439,-385.283052,4286.670029,1894.219908,2502.138566,275.5946064,3.502521377,-93.75794782,5569.186582,117.0798071,12187.14712,225.1677264,6471.668275,2688.599649,5764.800482,-81.67616751,9023.131331,227.4580136,568.8055251,221.9627275,1818.96185,77395.41899,685.0477965,128.5796974,64.19272089,82.97303223,543.1821969,181.9835562,138.8278886,477.5165534,534.8614339,207.8594606,225.6603815,3270.684718,101.9041877,125.0776146,1525.27187,34.40890156,520.7586056,52523.75882,93.0708178,1378.262223,4368.334137,15.75224731,0.611269458,0.09296207,74029.29292,2700.603376,5230.727034,4115.875247,793.5996492,176628.7455
208,Melbourne - Inner South,,Melbourne - Inner South,50362.92406,735.3522827,454.2489025,1548.199956,701.6481563,134.4457858,3796.408253,1625.559263,-423.7541703,3986.924056,1833.292142,2298.445347,278.9407375,15.90408253,-141.4354697,3653.514267,62.05531168,10162.15386,66.87006146,6387.898376,1806.65935,4236.836479,-19.54850746,9664.064969,239.6624232,425.3906936,127.8542581,2656.482221,77363.58538,789.8845478,143.3342845,82.01953468,92.20171203,619.7816067,193.3252853,153.1312555,266.2054434,556.9027656,248.190518,229.7111501,3374.688104,0,116.5068042,1516.334284,35.4927568,357.0522388,48342.56365,91.90869183,1166.404083,2903.78007,9.403424056,0.721246708,0.060579456,73906.17713,2571.864135,5354.143547,4560.39223,707.7420983,169521.2289
209,Melbourne - North East,,Melbourne - North East,42828.10138,716.1194316,271.9489247,732.4011137,755.7039171,74.43605991,742.3534946,317.9018817,-321.453533,2603.224654,1184.130376,1526.263633,214.2841782,0,-7.622887865,1736.06874,75.60387865,4548.11924,74.38997696,2782.070469,824.3629032,1810.68702,-8.090821813,3135.008065,190.2382873,313.6797235,45.52304147,1107.443932,53454.12366,829.7227343,131.3945853,129.6102151,70.56912442,659.7204301,47.97887865,18.19604455,108.0268817,117.624232,171.3782642,122.9861751,2407.207565,0.124807988,57.53187404,1331.557988,15.26996928,127.1075269,31770.74558,24.38364055,820.5687404,939.7273425,5.047427035,0.412634409,0.032258065,51021.16436,2336.060868,4364.855031,1685.30626,533.546467,100167.6223
210,Melbourne - North West,,Melbourne - North West,41223.87022,744.9927898,208.7750971,656.5529673,947.6053799,147.7265668,1517.584027,650.7515252,-265.4564615,2507.695785,1147.847476,1424.241819,201.0629506,0,2.268718802,1752.781198,87.13921242,6251.006101,85.00138658,4485.039933,401.2160288,862.1053799,-16.76705491,2779.337216,129.7296173,207.1123128,12.8130893,1191.706323,52292.68053,875.8574598,160.4977815,153.0110926,65.14143095,624.979756,18.23155851,18.24542429,109.5291181,204.4179146,121.2462562,96.89988907,2448.057682,0.278424847,32.68413755,946.3058791,18.97615086,71.68080976,28045.60815,25.22850804,743.9853023,831.3410982,6.085690516,0.283693844,0.100665557,49907.97199,2060.513311,4082.601498,1460.787576,436.7243483,92508.0599
211,Melbourne - Outer East,,Melbourne - Outer East,41610.23691,709.0797672,184.552037,915.9652516,795.5558028,47.4940089,2188.032865,937.1415611,-327.1723725,2225.219274,1005.343889,1377.105957,169.9418008,0,-21.30058199,1807.441458,85.14738103,4895.044505,98.54399178,2948.152003,785.6191373,2012.858439,26.56093803,2575.716364,144.8445738,347.1930846,54.07463198,1302.882403,54083.92879,756.1097227,109.3806915,112.9679904,72.32060938,543.184697,51.4714139,36.10030811,169.8675111,214.6754536,143.7767888,110.4190346,2320.274221,0.078568983,46.51848682,1203.349195,18.16860664,160.6097227,31975.31958,116.2723382,876.820267,788.7179048,3.898836015,0.312393016,0.136597056,51796.58644,2110.709004,4369.530811,1668.032694,535.2957891,109477.6691
212,Melbourne - South East,,Melbourne - South East,40529.57786,662.4701416,202.7175032,757.1710425,904.4232947,35.71647362,1590.622651,681.4159588,-383.2151866,2618.149163,1150.032432,1651.706692,199.6252252,-8.131274131,-0.994594595,2027.456757,69.25032175,5726.859588,70.24478764,3619.396396,395.4629344,839.6669241,51.95469755,2369.668726,115.920592,214.0036036,22.91505792,1101.620721,51270.77915,776.8019305,115.6602317,139.1485199,83.34362934,548.8382239,39.63075933,24.82432432,145.915444,110.8555985,122.4190476,93.59214929,2201.029858,9.479150579,45.46280566,999.7637066,15.28777349,137.0906049,27126.78121,33.33848134,612.8359073,1146.678378,6.962419562,0.227155727,0.045945946,49049.2045,1995.224453,3971.243243,1458.604376,435.2301158,85258.27516
213,Melbourne - West,,Melbourne - West,44366.4954,623.116523,235.9804598,540.0031609,767.4494253,14.14899425,437.6997126,187.4877874,-625.5998563,2061.957759,1022.774713,1479.544828,185.2380747,0,-2.369396552,1579.612069,32.16321839,5022.562356,32.08563218,3451.116954,617.2597701,1307.595977,38.21795977,1662.398276,71.84252874,232.012069,28.09051724,1156.622845,51930.46897,872.3149425,150.6376437,161.8762931,84.86666667,717.4331897,39.94051724,25.06149425,108.7616379,67.7954023,120.279454,86.00043103,2434.967672,0,43.48591954,995.3287356,11.49913793,119.9426724,26929.13851,28.24238506,498.2998563,527.9630747,5.419827586,0.212068966,0.06566092,49464.40043,1998.399569,4129.705747,1028.118103,388.1685345,75758.13549
108,Mid North Coast,,Mid North Coast,29141.90617,488.7683951,150.2395062,1278.162469,1627.552593,76.79111111,1216.630123,521.7140741,69.20395062,1883.934321,939.491358,797.8548148,77.38419753,-2.157037037,-363.2464198,2592.948148,711.7960494,12394.31901,993.1101235,9753.157531,490.7925926,1255.765432,-360.1644444,2789.218765,329.0795062,552.4276543,52.56345679,1415.773827,42068.20494,468.3402469,172.814321,121.1639506,50.93876543,352.7560494,45.05135802,37.30962963,94.41530864,257.7748148,124.8222222,93.66567901,1819.052346,17.26716049,58.26518519,1056.861235,15.43654321,147.6296296,26340.18123,4.29382716,623.9195062,871.4325926,5.359012346,0.135802469,0.329876543,40188.34815,1188.021728,3135.491852,2505.031111,544.5841975,96982.90765
313,Moreton Bay - North,,Moreton Bay - North,41484.4936,821.5041943,252.5598234,473.6450331,1050.296689,16.22251656,677.2260486,290.188521,-462.5152318,2057.387196,1149.462693,1219.181015,151.2587196,-9.280353201,3.352317881,593.8057395,162.8004415,5260.911258,158.399117,4528.464901,839.8772627,1769.628698,-11.7602649,2102.910375,133.8181015,388.2816777,23.14746137,2342.213245,51010.18985,857.3633554,298.3218543,160.0860927,57.80883002,562.4189845,64.61015453,11.98852097,72.99293598,164.4971302,137.7408389,144.8507726,2532.67947,51.42560706,58.73289183,949.4326711,9.200883002,385.1077263,29164.28565,50.29624724,807.5651214,598.6547461,3.747461369,0.268432671,0.056953642,48541.1947,1200.902428,4226.860486,2208.354967,409.7373068,96854.85342
314,Moreton Bay - South,,Moreton Bay - South,47217.20301,623.9440789,312.2265038,705.6856203,755.5460526,38.00140977,747.1940789,320.1419173,-696.4816729,2338.06156,1222.49906,1606.715695,205.3284774,0,-14.6287594,1750.74906,34.26409774,4018.414004,47.60667293,2136.734962,341.2781955,1081.927632,-17.91635338,3376.781015,105.8862782,429.912594,24.90178571,1938.181391,57958.6062,696.3078008,139.5944549,127.8040414,61.51409774,559.9271617,57.22932331,74.12969925,189.574718,151.0765977,200.337406,149.2288534,2406.724154,0,89.68703008,1076.834117,21.8125,280.4346805,38039.08506,58.0037594,975.7232143,851.7382519,4.495770677,0.084586466,0.108082707,55474.95113,1761.138158,4994.656955,2337.589286,852.4027256,109081.266
214,Mornington Peninsula,,Mornington Peninsula,36911.02946,680.2219313,309.6605565,961.7067103,1166.151882,138.6373159,2719.774795,1165.725696,-293.2919804,1873.839607,898.3905074,1134.291653,134.4494272,0,13.89558101,2593.737152,52.90114566,9359.326023,38.90016367,6756.526678,277.9332242,1372.18036,-14.21472995,4064.013748,176.5767594,353.6736498,18.33780687,1585.917512,52829.48805,874.0219313,165.9846154,145.7603928,71.90769231,578.0268412,47.5787234,64.7289689,397.8959083,269.7770867,149.2157119,97.40556465,2862.303437,25.35417349,31.89983633,1018.115548,13.53355155,244.213748,31171.79804,25.65302782,720.8553191,1430.701146,5.271685761,0.481178396,0.021276596,50009.44484,1663.939771,3746.718822,2454.090998,510.6346972,120161.4812
109,Murray,,Murray,34240.18854,611.5606312,188.8878738,995.3064784,1200.228405,82.54651163,1426.57309,611.5722591,43.41196013,2047.339701,863.1137874,966.9177741,173.8961794,-435.1237542,92.93604651,1446.241694,1340.554817,5621.32309,1254.974252,4128.409468,237.505814,3192.033223,1598.681894,3696.906977,391.8122924,131.9742525,23.59883721,1116.174419,47700.98422,594.2018272,227.7483389,151.467608,85.55398671,430.8347176,24.9244186,138.8031561,75.08388704,444.3347176,149.2956811,105.3504983,2427.598837,81.41777409,93.05315615,657.3496678,16.35714286,74.33222591,26310.00083,15.46511628,774.7433555,993.1960133,5.99833887,0.045681063,0.070598007,45123.92359,1613.921927,3566.73588,4546.22093,754.2084718,116259.0947
110,New England and North West,,New England and North West,35727.2109,421.1957929,204.9428263,1090.268069,1322.022114,36.35544768,1545.125135,662.3117584,269.9530744,2814.854908,1269.679072,1169.87109,105.3516721,-29.50323625,-345.7605178,1346.066882,1630.473031,8933.830636,1950.38781,7519.622977,379.2901834,2566.696872,-594.8953614,3003.294498,240.2135922,190.5399137,147.7211435,2426.046386,48042.39914,516.3096009,180.1127292,145.0059331,74.26968716,470.416397,51.34843581,30.41531823,479.5987055,320.7195254,132.2340885,105.9816613,2506.412082,447.8300971,84.29341963,997.6413161,13.98058252,273.4584682,27417.59924,21.54153182,445.4940669,1200.348975,3.909385113,0.518338727,0.015102481,45453.46872,1173.183927,3467.848436,2227.824703,419.9142395,96494.39213
111,Newcastle and Lake Macquarie,,Newcastle and Lake Macquarie,45191.02537,530.9300945,261.8704453,777.7206478,1042.990553,49.73549258,1370.274494,587.3473684,-175.6512821,2445.604858,1165.848313,1288.836437,166.57139,0,0.919838057,2462.02861,15.16302294,6562.45722,11.76275304,4096.863158,406.8491228,1011.420783,-16.99595142,2381.711471,290.1373819,240.5049933,42.43967611,1068.266397,56512.10742,781.825641,135.0404858,138.1641026,106.5732794,597.0968961,62.25668016,33.88502024,165.0547908,253.8331984,121.9263158,207.5522267,2603.208637,6.307692308,39.91821862,1303.611606,19.86963563,102.2596491,34118.10715,21.81106613,941.811336,996.4912281,4.40242915,0.169230769,0.029149798,53918.66694,2190.362483,4689.40108,2156.723077,491.2518219,117075.0947
215,North West,,North West,31016.10591,372.6765083,56.1534018,1076.15276,1400.957638,83.51026958,912.5436457,390.9569961,102.2567394,1593.373556,802.5905006,612.6874198,75.83889602,-834.1238768,-93.40564827,938.9646983,3126.774069,4423.856226,2947.27792,3449.206033,374.301027,5073.787548,5913.786906,3146.005135,98.50641849,90.18870347,12.61360719,865.8138639,45923.97625,511.9030809,210.1623877,162.0378691,77.66944801,431.4878049,53.12195122,6.973684211,80.41848524,740.4133504,114.6784339,89.94736842,2478.813864,256.4807445,72.39666239,1226.797818,5.435815148,49.40436457,27648.34981,3.059050064,724.7721438,1267.651476,4.737483954,0.692554557,0.007060334,43152.21053,1138.137997,3275.521823,3596.221438,843.012837,97521.28241
702,Northern Territory - Outback,,Northern Territory - Outback,47716.72382,379.0789074,124.1274659,389.0561457,1381.453718,12.30197269,938.5007587,402.1396055,-442.5766313,3003.180577,1557.828528,1674.479514,213.4491654,0,1.772382398,532.2685888,8.760242792,2567.094082,6.987860395,1961.52352,112.8133536,638.9256449,-407.1456753,1277.646434,23.74051593,281.2701062,10.35811836,1594.314112,54327.8437,384.9605463,136.5235205,164.9650986,102.3672231,554.3550835,9.814871017,5.986342944,351.3854325,5.468892261,136.6904401,146.7283763,1999.245827,209.306525,438.3975721,1697.040971,1.660091047,16.38543247,26840.01821,148.3657056,421.5827011,345.3611533,5.690440061,0.001517451,0.024279211,52029.06222,1049.943854,4288.556904,620.091047,1128.312595,60591.65857
503,Perth - Inner,,Perth - Inner,60169.83946,833.512665,759.3553336,2174.68284,465.5661791,215.5775954,4022.984303,1724.513379,-31.60577952,6394.208705,2951.844452,3073.294328,400.6757046,0,0.262219051,5806.094185,140.4373885,13786.0842,137.9529076,7910.384588,4304.92401,9173.585444,17.82554406,14956.69711,198.2871923,665.2365323,449.0420978,3632.497681,100365.4035,512.4067071,112.5258651,75.84266857,118.3328577,563.1947913,410.8762041,198.2044238,314.3713878,834.780949,401.8341063,504.0606493,4046.43061,28.71851588,369.8262576,3208.561898,23.06814128,1039.378523,56594.79451,168.2390296,1526.40421,5412.244381,14.18230467,1.608633607,0.019621834,95990.29361,2346.570817,6403.370318,5948.639315,814.0863361,202142.6529
504,Perth - North East,,Perth - North East,51675.52166,536.444875,427.9506869,607.913702,700.3247622,24.99929553,854.2779148,366.0796055,-376.3103205,3000.168721,1274.84572,1877.543501,224.0898204,0,29.55970412,1684.531525,93.85241282,4479.827756,60.05424445,2693.637548,980.6759422,2010.964072,-25.36914406,3890.661853,40.44029588,161.7527298,151.0077492,1431.04403,63161.51215,582.4765763,114.5276506,132.6900317,76.44980627,517.7770342,100.927087,23.54068334,210.9947164,172.3180697,167.9041916,168.0901726,2267.69602,5.67840789,21.14512152,1217.046143,9.174004931,283.6301515,36133.46002,43.33990842,851.8665023,1041.633674,5.511095456,0.106375484,0.076787601,60894.98274,1463.605143,5097.766115,1673.558295,221.2655865,77132.06657
505,Perth - North West,,Perth - North West,51920.9535,515.1878538,529.3048799,850.4148692,702.5448983,56.32186018,967.0884198,414.6614655,-578.9978583,3233.192749,1483.151293,2059.726174,269.3131406,38.43965122,22.09025547,2465.93315,60.44898271,11890.40661,37.0633318,9352.699862,1246.747744,3007.78614,42.97858345,4069.226251,80.68257611,367.248279,63.17133242,1689.849778,65463.84825,624.5204222,115.4499006,127.1777574,93.64448524,525.5266942,89.34587731,30.75034419,157.24216,249.13676,155.2426189,163.3405232,2331.377543,2.330273826,125.0166743,1345.17944,14.56294937,449.3174239,40035.0589,41.65198103,853.8961297,1572.292795,7.095303656,0.242007037,0.042527153,63040.46596,1805.76656,5307.307786,2066.45296,598.9031666,97348.15634
506,Perth - South East,,Perth - South East,52310.12701,430.7902943,310.3537141,789.2528031,702.5900491,60.54519972,1385.794324,593.5159425,-428.8947092,2472.211107,1144.20953,1570.151016,186.7452698,5.622810091,1.449719692,1899.458304,20.10056062,5128.176419,18.65066573,3179.827786,1279.579187,3647.817975,-13.75911002,3553.106692,64.74124036,353.4169587,146.7450946,1495.045725,64939.48423,543.2033987,128.8006307,135.1799229,86.68815697,493.6093203,101.7277505,32.97074282,178.6911352,229.0879467,149.6461107,158.6657323,2238.270848,6.131920112,146.1611773,1235.513315,7.220742817,327.2102313,34693.16941,53.05816398,840.1247372,1065.661177,10.77067274,0.152067274,0.067274001,62610.8609,1596.135074,5165.615802,1589.882621,478.6732656,89264.31447
507,Perth - South West,,Perth - South West,55133.19175,670.7301621,522.4287518,1102.509156,731.0315723,46.72889918,1787.121659,765.8448748,-453.5887182,3194.209851,1473.307725,1938.409177,236.081667,-28.82551042,-31.36223953,1758.622816,58.97095348,5457.500737,64.57356346,3645.201642,1221.81646,2592.673332,171.9254894,4939.417596,50.27341612,465.3081457,145.1326037,1878.635866,70876.94275,640.3070932,139.2671017,129.7350032,93.35571459,534.8901284,103.1913281,64.78530836,196.8015155,198.8665544,195.4813723,158.9503262,2455.631446,17.77436329,61.18269838,1407.549779,11.18164597,470.9762155,42294.66154,45.99936855,943.0309409,1758.599453,12.51862766,0.353820248,0.046306041,68467.78657,1721.494633,5528.769733,1782.141654,797.9591665,110920.8171
315,Queensland - Outback,,Queensland - Outback,50118.18454,409.7830424,321.1508728,1002.822943,1021.885287,15.10473815,511.6521197,219.2406484,-433.5311721,2540.738155,1382.44389,1420.716958,171.1084788,494.0897756,-385.5299252,641.6446384,978.7705736,4014.77182,1243.638404,3185.158354,27.32543641,187.755611,-2342.239401,3711.571072,52.02369077,39.78927681,9.908977556,2416.09601,57850.97257,426.2693267,205.2743142,181.0561097,66.5436409,518.6134663,40.73815461,82.34289277,71.50374065,255.8129676,179.2531172,83.33665835,2110.744389,63.32543641,54.73566085,779.6695761,0.206982544,9.908977556,29737.399,2.592269327,520.723192,816.457606,3.142144638,0,0.00872818,56056.52494,1086.678304,5326.481297,1285.263092,783.925187,82782.50249
112,Richmond - Tweed,,Richmond - Tweed,30158.31958,566.6736083,127.9351221,1256.903885,1526.664798,52.71485783,1046.497397,448.6655987,43.52943532,2923.580697,1370.686023,1322.046856,187.3183821,-36.48418102,-160.6431718,2627.423308,615.824189,8380.982379,747.2759311,5562.555867,895.371646,2721.089307,12.35442531,3753.034842,327.6439728,434.9134962,265.4164998,1367.125751,44714.10012,592.1249499,175.9979976,121.1581898,77.1794153,464.5826992,78.15818983,28.14257109,105.277533,359.423308,154.6880256,120.5418502,2277.27473,93.30196235,79.36924309,893.2887465,5.520224269,466.7769323,25155.39447,62.71686023,672.5947137,1231.644373,3.509811774,0.169403284,0.426912295,42284.69604,1728.005206,3143.587905,2463.330797,775.401682,104225.4001
113,Riverina,,Riverina,35376.88559,506.9254109,83.33059418,1190.077118,1210.330594,63.2414665,1471.523388,631.2433628,-8.684576485,2000.046144,916.300885,989.3103666,103.119469,-784.125158,98.48735777,1679.726928,1161.276233,12245.08154,1052.202276,10522.32174,326.7610619,3275.671934,2708.446271,3377.347029,120.4702908,377.4165613,55.46839444,1489.562579,49974.43426,485.6371681,176.7515803,157.5821745,81.15044248,424.7591656,108.0986094,66.40202276,100.4184576,595.3925411,141.9721871,115.4469027,2453.611252,353.0278129,112.7692794,828.6814159,10.07395702,83.07774968,33698.78761,59.20922882,785.1257901,1377.082807,3.239570164,1.568900126,0.00505689,47086.32491,1174.919722,3636.390645,2107.659292,1260.142225,109133.1157
216,Shepparton,,Shepparton,34671.6216,563.2072006,152.0176341,1055.772961,1190.246143,59.92872888,992.531227,424.9676708,68.09184423,2414.085966,1026.031594,1217.833211,102.1293167,74.74577517,7.614988979,1680.321087,1258.545187,5990.311536,1138.545922,4233.826598,394.0778839,1242.283615,598.2586334,3446.961058,159.3335783,139.6693608,14.2755327,1223.063189,46916.7061,628.4261572,199.3034533,164.9786921,96.89199118,479.480529,45.27185893,20.60690669,190.9353417,404.3842763,128.6781778,112.8295371,2471.786921,109.3688464,77.47832476,1452.633358,13.46216018,22.45995591,24451.86113,10.11241734,716.7288758,1147.497428,2.315944159,1.079353417,0.003673769,44277.57678,1398.233652,3685.081558,1868.806025,276.5187362,108107.0896
406,South Australia - Outback,,South Australia - Outback,42750.29021,416.0850816,33.79487179,924.6340326,1249.576923,41.11421911,612.4941725,262.9440559,-380.6561772,1731.897436,949.8216783,1050.959207,111.7727273,-428.960373,265.0011655,1308.491841,1216.306527,8787.713287,942.4079254,7462.600233,74.41258741,2652.144522,3307.721445,4909.91958,47.18298368,432.1456876,12.38578089,976.3263403,56814.90443,586.8694639,140.8752914,157.4918415,82.34032634,455.0606061,67.15967366,24.58624709,72.10606061,1012.280886,159.2424242,176.8006993,2934.81352,101.5104895,36.06643357,1005.891608,4.79020979,98.06876457,33200.48252,36.26923077,741.5081585,1373.409091,0.82983683,0.311188811,0.008158508,53780.18765,1001.895105,4335.889277,2932.420746,332.2109557,103791.7249
407,South Australia - South East,,South Australia - South East,30845.77113,235.2052314,158.2409457,1158.089034,1228.073944,50.88279678,2332.199195,998.9607646,-178.6151911,1382.790744,770.7821932,689.86167,100.7620724,-160.4134809,127.8420523,701.3571429,1850.898893,3788.762072,1687.465292,2851.876761,404.8832998,1894.664487,1799.65493,4088.187123,66.06438632,812.7394366,18.13028169,1431.122233,46118.49044,461.7278672,156.6031187,137.8294769,33.90040241,347.6031187,61.42907445,20.7193159,91.66649899,377.4522133,190.2162978,118.612173,1997.759557,171.6267606,66.77012072,791.7796781,9.621730382,193.9305835,25561.64537,3.564889336,726.193662,1987.270624,5.333501006,0.219315895,0.01861167,43983.24648,872.8938632,3324.763581,2333.000503,236.7515091,89729.1992
114,Southern Highlands and Shoalhaven,,Southern Highlands and Shoalhaven,35407.85734,499.1994591,78.607167,1136.917512,1233.860041,260.3299527,6008.17309,2575.077079,17.14604462,2522.837728,1154.212306,1219.918864,131.5605139,24.66869506,-344.8248817,3113.260311,146.9222448,10643.3286,458.739689,7378.69574,468.9377958,1371.927654,-31.04394861,3404.347532,322.5077755,914.7281947,45.48546315,1505.136579,56640.3712,644.8350237,141.1649763,133.7802569,92.01960784,507.250169,87.44895199,51.62745098,333.8032454,350.5098039,243.673428,80.48951995,2666.602434,16.70520622,84.04394861,810.989858,26.86747803,102.066261,29470.01961,13.56524679,742.3502366,1410.369168,4.359026369,0.576064909,0.342799189,54024.09128,1091.656525,3437.736984,4277.766734,840.7789047,118518.7748
316,Sunshine Coast,,Sunshine Coast,37222.21793,810.7717025,136.8007256,930.7867323,1117.276497,78.29023063,1370.646281,585.601192,-397.4270536,2702.042757,1418.338948,1482.997409,198.1334543,15.25654315,-108.4444157,2595.199274,172.8525525,9465.993522,251.4695517,6738.267945,765.7691112,2439.12283,-83.85488469,4883.297227,210.5734646,647.3884426,79.25887536,2069.002073,52928.42705,691.8160145,207.4540036,126.7584867,54.29308111,509.7709251,58.78077222,51.08577352,109.2707955,258.468256,204.47007,259.1033947,2531.271573,28.14511531,124.9608707,933.6867064,15.42342576,536.9875615,32175.85022,50.86706401,778.4143561,1114.621664,3.262244105,0.396475771,0.04845815,50289.60637,1518.161959,3917.258357,2982.7546,762.6882612,114172.2809
115,Sydney - Baulkham Hills and Hawkesbury,,Sydney - Baulkham Hills and Hawkesbury,51950.45556,1073.438176,656.193834,1322.248606,572.9232535,54.67431945,2484.449984,1064.897015,-394.0360774,4273.562807,1863.041325,2433.551328,371.0062316,0,11.58150213,1601.334864,195.7258117,5034.739587,184.1443096,3397.987537,1125.66448,2619.923582,34.4667104,2501.104296,141.4348967,152.6362742,104.3046901,1669.681535,66127.45622,924.3145294,169.6861266,102.8002624,108.0118071,653.9652345,65.80583798,74.5096753,280.5470646,180.0872417,165.7008855,161.8379797,2887.266645,29.4207937,56.87569695,1172.454903,19.82518859,261.9655625,46576.59561,42.22925549,1017.735979,965.8297803,13.8875041,0.672351591,0.04263693,63159.27812,2324.700886,5381.400787,3046.899639,953.8494588,134713.7475
116,Sydney - Blacktown,,Sydney - Blacktown,46027.7734,757.2127324,183.0995903,590.0160731,926.398046,11.89190041,295.3353293,126.5612985,-299.1597857,1986.09896,937.5316735,1165.174913,182.5521588,0,-1.949889694,1318.71289,23.39457926,4197.430823,24.94043492,2854.632524,232.160416,619.7844311,18.53640088,750.2622124,33.14434289,74.47399937,33.96344154,870.1947684,51948.63063,806.265364,153.1998109,192.5609833,126.9596596,612.9224708,6.582729278,16.49637567,173.2262843,32.5354554,109.1459187,85.24960605,2315.144658,4.744090766,76.21966593,1107.196344,15.21619918,54.06334699,26825.87614,19.0516861,393.566341,422.344469,6.776867318,0.060510558,0.020170186,49558.56603,1817.460763,4155.837378,1052.07028,384.0299401,64383.05673
117,Sydney - City and Inner South,,Sydney - City and Inner South,52043.04304,1026.898261,544.8721739,1189.238913,450.4806522,49.22847826,3556.93087,1524.183478,108.181087,4395.172609,1915.085652,2058.914348,312.9915217,0,-77.04565217,2845.653043,34.94065217,7233.982609,51.96195652,4184.227826,1442.811739,3393.438261,-11.23826087,3090.526304,72.55913043,165.6556522,119.418913,2960.111087,71101.5987,498.3623913,261.6228261,95.44826087,151.1871739,700.3084783,116.5017391,31.05695652,403.2380435,178.92,266.9643478,265.0878261,2968.698043,0,164.911087,1409.26413,18.09891304,785.2730435,25716.50978,61.1376087,592.6904348,1671.31587,13.725,0.533913043,0.049782609,68092.6937,2786.776522,4717.963696,2188.109348,705.6169565,99194.7663
118,Sydney - Eastern Suburbs,,Sydney - Eastern Suburbs,62394.02328,988.4973034,879.1001987,2284.532217,557.857224,336.5750781,8062.879932,3455.588135,496.2639796,5925.016179,2569.543571,2570.076355,289.1322736,0,7.736020437,4522.542719,42.82316208,11315.15952,32.65569117,6641.942379,3967.994323,9158.813511,-124.4828271,9393.077491,177.0045416,239.039455,496.3031507,4302.635538,102437.1689,770.7448198,318.973602,97.35481124,154.0970764,801.2290661,334.9105876,204.5651433,1023.835651,502.825149,413.8577917,279.2512064,4901.644905,2.06471757,77.46210616,1303.395685,56.9165484,887.4785694,53611.66279,138.8336645,967.5163213,4346.238149,15.8018734,3.899517457,0.311098496,97644.94635,2442.537042,5668.162362,4530.43145,759.7615668,177057.0988
119,Sydney - Inner South West,,Sydney - Inner South West,41710.22064,759.5837476,130.8213612,1149.20024,846.0085719,37.84741985,1390.352477,595.7488428,124.5480885,4261.216184,1778.146237,2112.831819,245.6900394,0,8.350248586,2058.359849,99.34767701,7339.862335,91.06737528,5266.637751,906.9269673,2273.251843,-5.099605692,1803.017144,54.02674439,186.5611178,25.42345277,759.2103549,52541.14692,644.3320761,125.7214127,143.2587005,104.87485,578.7714727,24.71678382,100.7474713,167.4256815,116.2245843,149.8268472,88.3176753,2244.217555,0.512943597,87.48877079,805.1664667,20.58871936,48.40373736,25914.83165,25.61546374,562.6651809,746.2333276,8.638779359,0.125150009,0.055888908,50236.53489,2404.186354,3870.34202,1618.760672,588.1580662,78738.2779
120,Sydney - Inner West,,Sydney - Inner West,52179.42935,1038.192907,525.5991926,1493.205017,569.9864475,76.2949827,2831.098904,1213.326701,520.3298731,5170.557093,2125.267013,2285.205882,239.7543253,0,-87.58737024,4095.343714,154.989331,11848.03691,242.5371972,7759.953864,1214.977797,2973.645329,-45.11678201,4331.771915,198.2583622,261.7329873,139.4994233,1296.500288,71852.84717,610.2995963,174.9368512,99.71395617,132.1522491,683.6937716,54.72693195,71.65138408,228.0965975,297.405421,186.8829296,224.9809689,2764.540657,0,157.3062284,1145.414072,20.72923875,196.4166667,41720.25634,25.45818916,991.8662053,2263.911765,9.895040369,0.544405998,0.094002307,68944.03922,2838.530277,5151.260092,3510.876586,721.8480392,121343.3371
121,Sydney - North Sydney and Hornsby,,Sydney - North Sydney and Hornsby,59294.40914,943.6986667,477.9634286,2808.806667,573.083619,231.9245714,8996.764381,3852.175048,122.208381,4959.988381,2171.837714,2360.226667,305.715619,0,-325.6127619,4896.222476,112.9171429,11117.88914,247.9293333,6227.974476,3163.450857,8279.682286,-36.65733333,9129.928952,152.0255238,519.9731429,517.6415238,3501.698857,98819.73638,570.0251429,160.5274286,58.18704762,118.9118095,590.3013333,227.6699048,188.2750476,800.2344762,671.2413333,355.5310476,346.8173333,4087.721905,31.45904762,238.1891429,1512.435429,47.36,912.8219048,65519.37924,60.74038095,1251.397905,4286.226286,26.71809524,3.312190476,0.156380952,94556.13524,2192.587429,5944.745714,5411.092571,956.4649524,214799.9156
122,Sydney - Northern Beaches,,Sydney - Northern Beaches,54124.07699,1375.554358,714.5848476,2202.065599,628.9066831,264.7838004,4074.912227,1746.184786,343.3954419,5041.293502,2140.973822,2281.774253,275.1499846,0,-19.42623961,2885.21312,94.50046196,12087.33261,105.9584232,9018.305205,2395.38959,5803.294426,-42.46566061,6563.638128,199.5549738,524.1010163,378.6559901,3488.680012,81847.81244,804.1912535,191.0384971,85.03449338,76.02679396,611.0699107,122.8487835,113.7018787,699.4354789,477.2623961,303.0104712,292.3563289,3775.976286,20.5842316,70.72559285,1133.392362,31.50046196,1083.451802,51969.57376,55.65445026,1083.085925,2706.331383,15.94148445,0.431475208,0.063751155,78068.02495,1539.510009,5323.986449,5696.955959,750.2297505,171205.4555
123,Sydney - Outer South West,,Sydney - Outer South West,45924.48609,566.2183868,118.3557591,593.3635083,867.3346249,26.29834449,1730.971117,741.7823177,-215.952448,1855.046143,850.7196196,1078.52131,141.7576611,0,20.14195139,1281.884114,163.4931314,5127.765763,143.3768933,3819.405424,473.7957027,989.8562874,24.02888341,1461.690736,130.3871081,146.9256781,19.87213808,768.0690384,54679.65903,842.8041564,192.9609017,189.6674886,100.9690032,719.8340965,77.18245861,17.21451215,181.8414935,101.8781261,160.1916168,81.3934484,2665.937302,0,70.53046847,986.4452272,15.78724903,65.66361395,28724.98027,20.75871786,566.9711166,446.2476224,5.910179641,0.09616062,0.054948926,51966.12962,1763.958084,4299.60479,940.6713632,425.3976752,81664.64706
124,Sydney - Outer West and Blue Mountains,,Sydney - Outer West and Blue Mountains,45920.82457,673.0179602,241.2068634,703.8925593,870.074086,12.08787684,751.9836434,322.2267479,-133.2152021,2140.384221,958.6148172,1167.311418,147.6731879,-15.16837716,-20.966966,1553.851507,60.25048108,5523.041052,35.39448364,3927.537524,228.8332264,622.1699808,34.81911482,1572.232521,202.4756254,433.8466966,52.10230917,1052.715523,54456.84028,822.3136626,193.4785119,159.1148172,76.81686979,703.8213598,28.16677357,38.23091725,277.3101347,105.2697242,130.3643361,175.6324567,2710.519564,0,35.91212316,968.0449006,13.29506094,137.1523412,31828.06222,16.66003849,662.0086594,614.7286722,7.283835792,0.084348942,0.060615779,51764.27806,1576.432008,4316.737011,1515.707505,815.6834509,91340.85407
125,Sydney - Parramatta,,Sydney - Parramatta,41876.08006,719.7176555,152.3226114,777.0033357,881.4376936,32.41315225,623.2706695,266.934477,-72.30879199,3366.508458,1425.003574,1808.455563,205.3581129,0,21.66380748,1820.94639,117.7167024,6892.000715,96.05313319,5048.661187,308.8634739,625.5696926,10.40814868,979.3647844,60.84060043,133.6878723,28.65761258,1006.951156,49628.28687,615.5091732,126.6883488,132.3223731,129.0764832,561.2499404,30.21396235,51.15892304,121.6283059,56.71956159,144.6507029,62.95472957,2032.172504,0,22.5968549,943.0514653,14.40576602,76.65094115,23827.55325,31.19490112,535.1205623,450.3817012,6.937336193,0.4872528,0.053847987,47621.31642,2445.838456,3950.600905,877.0111985,377.1689302,64712.79819
126,Sydney - Ryde,,Sydney - Ryde,50418.79672,742.0253479,342.3951292,1794.027833,614.9557654,225.9686879,3754.015408,1608.815109,-10.72117296,5078.053181,2191.756461,2551.715209,345.3026839,0,34.78031809,3846.709742,51.39612326,8666.660537,16.61580517,4735.111829,893.7942346,2055.157058,-0.545725646,3731.882207,78.27137177,224.4806163,188.4135189,1424.022366,69912.08748,615.4612326,111.4975149,80.28180915,152.6764414,580.6898608,122.110338,123.47167,298.4965209,206.1565606,165.8717694,129.1799205,2585.893638,0,112.9299205,1087.684394,17.62375746,254.8792247,44105.94781,57.74801193,1015.535785,2709.544235,13.59294235,0.666003976,0.068588469,67217.64911,2883.828529,5261.500497,3399.836978,611.6093439,141893.3091
127,Sydney - South West,,Sydney - South West,41249.7244,669.0674061,99.50113766,641.0244596,949.8919226,23.85324232,1175.232935,503.4445392,49.47724687,3053.523322,1248.46587,1572.663823,182.9163823,0,31.50654152,1975.505119,91.78327645,6143.224972,59.42775882,4168.541809,784.2377702,1666.054608,45.41865757,1491.722981,113.0472127,107.9220705,15.88452787,556.9795222,50483.46644,740.0719568,144.2212742,174.7201365,77.50284414,613.1060865,25.83020478,14.40557452,126.8984642,52.30688282,115.9803754,82.79579067,2167.83959,0,28.86575654,803.1919795,10.84158134,37.33959044,21343.44255,25.92718999,422.6487486,672.210182,8.333048919,0.085608646,0.05887372,48295.50512,2550.603242,3688.728953,1058.057452,385.7431741,63730.49005
128,Sydney - Sutherland,,Sydney - Sutherland,49835.57316,929.0047671,329.0858086,1558.555922,738.7389072,57.83241657,1716.990099,735.8085809,-217.2482582,4378.584158,2020.248258,2259.087642,316.4965163,0,29.24239091,2278.970297,65.17638431,6975.781078,35.9339934,4574.028603,2104.343601,5502.411808,-3.9779978,2515.444811,314.190319,275.7018702,48.16685002,1509.545288,64756.00623,896.8100477,208.1294463,134.1459479,99.51741841,704.4147415,73.77924459,98.17895123,216.1620829,291.6343968,217.8555189,286.129813,3226.757609,0,51.62522919,1011.252659,36.5713238,119.379538,41143.64833,30.41217455,1106.110378,1155.689036,12.69563623,0.269893656,0.042537587,61681.55226,1878.806747,5157.79538,3828.275028,933.0077008,141708.7334
317,Toowoomba,,Toowoomba,41240.74231,411.4423657,169.7404949,797.960169,966.6898008,71.04586602,2631.665057,1127.273386,-210.5147858,2751.640917,1371.757393,1359.363307,231.035003,17.62220881,-86.03500302,1734.409173,171.3777912,7200.027158,232.8992154,5435.43271,1027.750754,2649.421847,86.71333736,4696.787568,325.061557,326.4864212,79.22269161,1573.467109,56987.53048,555.1297526,253.8617984,152.091732,74.35787568,433.0814725,46.98310199,38.78153289,91.14182257,342.9378395,140.1213036,162.1406156,2290.628847,20.10440555,53.77308389,1349.898008,12.90283645,250.5340978,32820.7761,21.74351237,848.1647556,2214.470127,3.837054919,0.631261316,0.034399517,54637.81171,1912.708509,4326.275196,3087.18105,562.5129753,104022.5401
318,Townsville,,Townsville,47398.3345,374.8132554,400.6444444,684.7528265,938.380117,40.06432749,886.3345029,379.8070175,-729.9968811,2637.075634,1522.633918,1601.164133,243.2744639,157.7964912,-216.7446394,1111.77232,998.2643275,4111.495517,1231.630409,2997.751657,258.9208577,733.9559454,-99.95594542,3330.104873,122.1001949,489.8241715,202.8167641,2266.746589,57996.51774,557.3235867,155.7103314,171.8460039,64.22846004,566.0931774,44.65653021,38.58440546,138.7076023,269.5454191,146.9333333,135.7099415,2289.338791,39.84093567,64.40545809,1109.082261,11.86900585,584.3883041,31695.47797,22.45769981,878.965692,865.668616,3.826510721,0.183235867,0.011695906,55668.62573,1612.214815,4692.038596,2926.055361,1058.769981,111077.1197
217,Warrnambool and South West,,Warrnambool and South West,31717.52682,313.8741403,66.36038514,1195.110729,1175.927098,113.5089409,1717.550206,735.2379642,-3.57909216,1448.424347,732.9126547,637.6973865,81.39339752,-349.786795,515.0419532,1656.499312,2641.951857,5389.330124,2138.339065,3661.65956,1743.940853,5211.041953,2168.57359,3795.761348,94.51581843,270.284044,13.99174691,1113.581155,48053.92022,550.2262724,179.8562586,143.3596974,93.72145805,425.650619,54.26272352,16.47042641,178.7537827,650.0990371,131.2070151,102.0983494,2525.70564,98.70632737,17.69257221,1284.62586,21.51513067,88.00894085,27208.63686,1.021320495,496.8321871,1054.722146,3.707702889,0.280605227,0.05914718,45444.01376,1385.823934,3149.059835,2571.034388,517.803989,101853.3941
604,West and North West,,West and North West,36484.10603,315.3153565,213.6215722,797.0283364,1503.360146,64.16636197,1029.221207,440.9031079,-58.26873857,1134.977148,542.9488117,585.4954296,64.80164534,112.3610603,21.59232176,1134.664534,1259.106033,5120.95521,1231.191042,3928.612431,700.6873857,3968.699269,813.2906764,1967.033821,219.7422303,480.0274223,27.10054845,2703.965265,48969.91865,485.321755,92.72577697,143.595064,52.13528336,429.559415,26.85009141,16.78976234,223.1654479,269.4012797,123.1946984,121.2047532,1983.943327,102.797075,10.20658135,975.2486289,6.680073126,461.7842779,27748.75137,4.57678245,695.3875686,773.2349177,3.791590494,0.10511883,0.010054845,46927.48812,986.488117,3877.57404,2223.738574,303.2687386,85804.59506
509,Western Australia - Wheat Belt,,Western Australia - Wheat Belt,35669.62321,192.422425,88.30312907,1311.389831,987.0573664,25.29921773,1491.605606,638.9478488,-419.8657106,2623.935463,1274.147327,1572.109518,197.5443286,-1490.908083,-104.1655802,1619.056714,875.8520209,7093.544329,882.0052151,5432.609518,1980.071708,4396.193611,8542.627771,5213.850065,113.7509778,159.6434159,37.13102999,1599.278357,57655.1193,382.5182529,68.83311604,113.708605,51.73859192,311.6173403,87.52803129,4.331160365,98.29595828,973.5606258,154.0032595,103.9256845,2350.060626,492.8604954,104.6199478,790.9393742,5.033898305,110.9256845,35638.29596,16.83181226,727.8761408,1965.702086,9.894393742,0.293350717,0.032594524,54824.2249,832.9674055,3941.205997,2856.158409,993.9713168,98327.00196
319,Wide Bay,,Wide Bay,34298.03064,394.3207262,198.2488654,896.0162632,1557.231846,67.62140696,969.3184569,415.5763994,-134.8343419,1537.150908,816.1395613,754.7061271,101.1395613,-46.2424357,-271.3547655,1702.757564,889.1773828,5616.170953,1066.604766,3831.184191,411.0518154,1117.379728,-292.6217852,2386.508321,132.2916036,464.3120272,59.62481089,1776.439486,44984.2969,521.2908472,220.6198941,142.1017398,48.1172466,421.2152042,49.846823,58.83131619,121.7261725,264.9742814,118.0816944,112.0677005,2078.87292,121.0030257,113.0230711,905.8524962,9.943645991,181.1482602,27271.2761,16.7167171,769.4867625,700.8407716,2.541981846,0.25075643,0.020423601,42713.15734,807.2424357,3558.821104,2396.560136,409.3373676,94344.79047
